id,intent_status,intent_suggested,intent_reason,task_status,task_suggested,task_reason,entity_status,entity_reason,utter_quality,utter_issues,utter_rewrite,suitability,severity,overall_reason
v4_0,KEEP,,Intent 'ADD_EXPENSE' is appropriate for logging a spending event.,KEEP,,Task type 'LOG' is consistent with the 'ADD_EXPENSE' intent.,MISSING_ENTITIES,The token 'today' is a DATE entity but is incorrectly tagged as 'O'.,MEDIUM,Contains filler word 'stuff'.,spent 6143.25 quid on gold redemption interest today,MODIFY,MEDIUM,Missing DATE entity for 'today' and contains a filler word 'stuff'.
v4_1,KEEP,,Intent 'ADD_EXPENSE' is appropriate for logging a spending event.,KEEP,,Task type 'LOG' is consistent with the 'ADD_EXPENSE' intent.,WRONG_BOUNDARIES,"The entity 'primark oxford st apparel buy' is incorrectly tagged as a single MERCHANT. 'Primark Oxford St' is likely the MERCHANT, and 'apparel buy' is the CATEGORY. This requires splitting the entity and re-tagging.",MEDIUM,Contains filler word 'stuff'.,log 7.5k for Primark Oxford St apparel buy,MODIFY,HIGH,Incorrect entity boundaries and tag types for MERCHANT and CATEGORY. Contains a filler word 'stuff'.
v4_2,KEEP,,Intent 'ADD_EXPENSE' is appropriate for logging a spending event.,KEEP,,Task type 'LOG' is consistent with the 'ADD_EXPENSE' intent.,WRONG_BOUNDARIES,"The amount '£2414' is tagged as 'B-AMOUNT' for the entire token. The currency symbol '£' should be tagged as 'I-AMOUNT' if it's part of the amount token, or 'B-CURRENCY' if it's a separate token. Given it's a single token, it should be 'B-AMOUNT' for '£2414' or split into '£' (B-CURRENCY) and '2414' (B-AMOUNT). Current tagging is ambiguous/inconsistent with common practices.",MEDIUM,Contains an unnecessary word 'kharcha' (expense in Hindi).,sublet home rent £2414,MODIFY,MEDIUM,Incorrect entity boundary for the amount/currency. Contains an unnecessary word 'kharcha'.
v4_3,KEEP,,Intent 'ADD_EXPENSE' is appropriate for logging a spending event.,KEEP,,Task type 'LOG' is consistent with the 'ADD_EXPENSE' intent.,WRONG_BOUNDARIES,"The entity 'splash landmark group apparel' is incorrectly tagged as a single MERCHANT. 'Splash Landmark Group' is likely the MERCHANT, and 'apparel' is the CATEGORY. This requires splitting the entity and re-tagging.",HIGH,,,MODIFY,HIGH,Incorrect entity boundaries and tag types for MERCHANT and CATEGORY.
v4_4,KEEP,,Intent 'ADD_EXPENSE' is appropriate for logging a spending event.,KEEP,,Task type 'LOG' is consistent with the 'ADD_EXPENSE' intent.,PERFECT,All entities are correctly identified and tagged.,MEDIUM,"The word 'budget' might imply a different intent (e.g., SET_BUDGET) or is extraneous for a simple expense log.",add 536 to mall basement parking ticket,MODIFY,LOW,The word 'budget' introduces slight ambiguity for an 'ADD_EXPENSE' intent.
v4_5,KEEP,,Intent 'ADD_EXPENSE' is appropriate for logging a spending event.,KEEP,,Task type 'LOG' is consistent with the 'ADD_EXPENSE' intent.,WRONG_BOUNDARIES,"The entity 'rta nol card top up' is incorrectly tagged as a single MERCHANT. 'RTA Nol Card' is likely the MERCHANT, and 'top up' is the CATEGORY. This requires splitting the entity and re-tagging.",HIGH,,,MODIFY,HIGH,Incorrect entity boundaries and tag types for MERCHANT and CATEGORY.
v4_6,KEEP,,Intent 'ADD_EXPENSE' is appropriate for logging a spending event.,KEEP,,Task type 'LOG' is consistent with the 'ADD_EXPENSE' intent.,WRONG_BOUNDARIES,"The amount '$8879722' is tagged as 'B-AMOUNT' for the entire token. The currency symbol '$' should be tagged as 'I-AMOUNT' if it's part of the amount token, or 'B-CURRENCY' if it's a separate token. Given it's a single token, it should be 'B-AMOUNT' for '$8879722' or split into '$' (B-CURRENCY) and '8879722' (B-AMOUNT). The category 'equity smallcap sip broker auto pay' is very long and 'broker auto pay' might be better classified as a PAYMENTMETHOD or a separate CATEGORY.",MEDIUM,Contains filler word 'yaar'.,put $8879722 under equity smallcap sip broker auto pay,MODIFY,MEDIUM,Incorrect entity boundary for the amount/currency. The category is very long and potentially ambiguous. Contains a filler word 'yaar'.
v4_7,KEEP,,Intent 'ADD_EXPENSE' is appropriate for logging a spending event.,KEEP,,Task type 'LOG' is consistent with the 'ADD_EXPENSE' intent.,PERFECT,All entities are correctly identified and tagged.,MEDIUM,Contains filler word 'lol'.,just blew 1659 on ev charging station payment,MODIFY,LOW,Contains a filler word 'lol'.
v4_8,KEEP,,Intent 'ADD_EXPENSE' is appropriate for logging a spending event.,KEEP,,Task type 'LOG' is consistent with the 'ADD_EXPENSE' intent.,WRONG_TAGS,The token 'zomato' is a MERCHANT but is incorrectly tagged as 'B-CATEGORY'. 'online delivery' could be a CATEGORY.,HIGH,,,MODIFY,HIGH,"Incorrect tag type for 'zomato' (should be MERCHANT, not CATEGORY)."
v4_9,KEEP,,Intent 'ADD_EXPENSE' is appropriate for logging a spending event.,KEEP,,Task type 'LOG' is consistent with the 'ADD_EXPENSE' intent.,WRONG_TAGS,"The token '₹7430.37' is tagged as 'B-AMOUNT', which is acceptable as a single token. However, 'npr' is tagged as 'B-CURRENCY'. If '₹' is already part of the amount, 'npr' is redundant or should be 'I-AMOUNT' if it's clarifying the currency for the amount. This is inconsistent with standard BIO tagging where a currency symbol immediately following an amount is typically 'I-AMOUNT'.",HIGH,,,MODIFY,HIGH,Inconsistent and potentially incorrect tagging for currency ('npr') when a currency symbol ('₹') is already part of the amount token.
v4_10,KEEP,,Intent 'ADD_EXPENSE' is appropriate for logging a spending event.,KEEP,,Task type 'LOG' is consistent with the 'ADD_EXPENSE' intent.,MISSING_ENTITIES,The token 'yesterday' is a DATE entity but is incorrectly tagged as 'O'.,LOW,Contains filler words 'check karo' and 'stuff'.,i spent 968.75 on cash incentive refund yesterday,MODIFY,MEDIUM,Missing DATE entity for 'yesterday' and contains multiple filler words.
v4_11,KEEP,,Intent 'ADD_EXPENSE' is appropriate for logging a spending event.,KEEP,,Task type 'LOG' is consistent with the 'ADD_EXPENSE' intent.,PERFECT,All entities are correctly identified and tagged.,HIGH,,,KEEP,NONE,No Issues Found
v4_12,KEEP,,Intent 'ADD_EXPENSE' is appropriate for logging a spending event.,KEEP,,Task type 'LOG' is consistent with the 'ADD_EXPENSE' intent.,PERFECT,All entities are correctly identified and tagged. The long category 'ppf public provident fund safe deposit' is plausible.,HIGH,,,KEEP,NONE,No Issues Found
v4_13,KEEP,,Intent 'ADD_EXPENSE' is appropriate for logging a spending event.,KEEP,,Task type 'LOG' is consistent with the 'ADD_EXPENSE' intent.,WRONG_TAGS,The token 'airtel' is a MERCHANT but is incorrectly tagged as 'B-CATEGORY'. 'network mobile pay' could be a CATEGORY.,HIGH,,,MODIFY,HIGH,"Incorrect tag type for 'airtel' (should be MERCHANT, not CATEGORY)."
v4_14,KEEP,,Intent 'ADD_EXPENSE' is appropriate for logging a spending event.,KEEP,,Task type 'LOG' is consistent with the 'ADD_EXPENSE' intent.,PERFECT,All entities are correctly identified and tagged.,HIGH,,,KEEP,NONE,No Issues Found
v4_15,KEEP,,Intent 'ADD_EXPENSE' is appropriate for logging a spending event.,KEEP,,Task type 'LOG' is consistent with the 'ADD_EXPENSE' intent.,PERFECT,All entities are correctly identified and tagged.,HIGH,,,KEEP,NONE,No Issues Found
v4_16,KEEP,,Intent 'ADD_EXPENSE' is appropriate for logging a spending event.,KEEP,,Task type 'LOG' is consistent with the 'ADD_EXPENSE' intent.,WRONG_BOUNDARIES,"The entity 'robinhood cash balance' is incorrectly tagged as a single MERCHANT. 'Robinhood' is the MERCHANT, and 'cash balance' is likely a CATEGORY or account type. This requires splitting the entity and re-tagging.",MEDIUM,Contains filler words 'check karo'.,just spent 5882 aed on Robinhood cash balance,MODIFY,HIGH,Incorrect entity boundaries and tag types for MERCHANT and CATEGORY. Contains filler words 'check karo'.
v4_17,KEEP,,Intent 'ADD_EXPENSE' is appropriate for logging a spending event.,KEEP,,Task type 'LOG' is consistent with the 'ADD_EXPENSE' intent.,PERFECT,All entities are correctly identified and tagged.,HIGH,,,KEEP,NONE,No Issues Found
v4_18,KEEP,,Intent 'ADD_EXPENSE' is appropriate for logging a spending event.,KEEP,,Task type 'LOG' is consistent with the 'ADD_EXPENSE' intent.,MISSING_ENTITIES,The token '£' is tagged as 'B-CURRENCY' but should be 'I-AMOUNT' as it immediately follows '8.3k' which is tagged as 'B-AMOUNT'. The phrase 'a few hours ago' is a DATE entity but is incorrectly tagged as 'O'.,HIGH,,,MODIFY,MEDIUM,Incorrect tag for currency symbol and missing DATE entity for 'a few hours ago'.
v4_19,KEEP,,Intent 'ADD_EXPENSE' is appropriate for logging a spending event.,KEEP,,Task type 'LOG' is consistent with the 'ADD_EXPENSE' intent.,WRONG_BOUNDARIES,"The entity 'mgl gas' is incorrectly tagged as a single MERCHANT. 'MGL' is the MERCHANT, and 'gas' is the CATEGORY. This requires splitting the entity and re-tagging.",HIGH,,,MODIFY,HIGH,Incorrect entity boundaries and tag types for MERCHANT and CATEGORY.
v4_20,KEEP,,Intent 'ADD_EXPENSE' is appropriate for logging a spending event.,KEEP,,Task type 'LOG' is consistent with the 'ADD_EXPENSE' intent.,PERFECT,All entities are correctly identified and tagged.,HIGH,,,KEEP,NONE,No Issues Found
v4_21,KEEP,,Intent 'ADD_EXPENSE' is appropriate for logging a spending event.,KEEP,,Task type 'LOG' is consistent with the 'ADD_EXPENSE' intent.,WRONG_BOUNDARIES,"The amount '$447749' is tagged as 'B-AMOUNT' for the entire token. The currency symbol '$' should be tagged as 'I-AMOUNT' if it's part of the amount token, or 'B-CURRENCY' if it's a separate token. Given it's a single token, it should be 'B-AMOUNT' for '$447749' or split into '$' (B-CURRENCY) and '447749' (B-AMOUNT).",HIGH,,,MODIFY,MEDIUM,Incorrect entity boundary for the amount/currency.
v4_22,KEEP,,Intent 'ADD_EXPENSE' is appropriate for logging a spending event.,KEEP,,Task type 'LOG' is consistent with the 'ADD_EXPENSE' intent.,PERFECT,All entities are correctly identified and tagged.,HIGH,,,KEEP,NONE,No Issues Found
v4_23,KEEP,,Intent 'ADD_EXPENSE' is appropriate for logging a spending event.,KEEP,,Task type 'LOG' is consistent with the 'ADD_EXPENSE' intent.,PERFECT,All entities are correctly identified and tagged.,HIGH,,,KEEP,NONE,No Issues Found
v4_24,KEEP,,Intent 'ADD_EXPENSE' is appropriate for logging a spending event.,KEEP,,Task type 'LOG' is consistent with the 'ADD_EXPENSE' intent.,MISSING_ENTITIES,The token 'today' is a DATE entity but is incorrectly tagged as 'O'.,HIGH,,,MODIFY,MEDIUM,Missing DATE entity for 'today'.
v4_25,KEEP,,Intent 'ADD_EXPENSE' is appropriate for logging a spending event.,KEEP,,Task type 'LOG' is consistent with the 'ADD_EXPENSE' intent.,PERFECT,All entities are correctly identified and tagged.,HIGH,,,KEEP,NONE,No Issues Found
v4_26,KEEP,,Intent 'ADD_EXPENSE' is appropriate for logging a spending event.,KEEP,,Task type 'LOG' is consistent with the 'ADD_EXPENSE' intent.,WRONG_TAGS,The token '$' is tagged as 'B-CURRENCY' but should be 'I-AMOUNT' as it immediately follows '8993' which is tagged as 'B-AMOUNT'. This is inconsistent with standard BIO tagging.,HIGH,,,MODIFY,MEDIUM,Incorrect tag for currency symbol '$' (should be I-AMOUNT).
v4_27,KEEP,,Intent 'ADD_EXPENSE' is appropriate for logging a spending event.,KEEP,,Task type 'LOG' is consistent with the 'ADD_EXPENSE' intent.,WRONG_BOUNDARIES,"The entity 'charter spectrum wifi' is incorrectly tagged as a single MERCHANT. 'Charter Spectrum' is the MERCHANT, and 'wifi' is the CATEGORY. This requires splitting the entity and re-tagging.",HIGH,,,MODIFY,HIGH,Incorrect entity boundaries and tag types for MERCHANT and CATEGORY.
v4_28,KEEP,,Intent 'ADD_EXPENSE' is appropriate for logging a spending event.,KEEP,,Task type 'LOG' is consistent with the 'ADD_EXPENSE' intent.,PERFECT,All entities are correctly identified and tagged.,HIGH,,,KEEP,NONE,No Issues Found
v4_29,KEEP,,Intent 'ADD_EXPENSE' is appropriate for logging a spending event.,KEEP,,Task type 'LOG' is consistent with the 'ADD_EXPENSE' intent.,WRONG_TAGS,"The token 'audible' is a MERCHANT but is incorrectly tagged as 'I-CATEGORY' within 'audiobook audible monthly service'. 'Audible' should be 'B-MERCHANT', and 'audiobook monthly service' could be a CATEGORY.",MEDIUM,Contains filler word 'stuff'.,570 on Audible audiobook monthly service tomorrow,MODIFY,HIGH,"Incorrect tag type for 'audible' (should be MERCHANT, not CATEGORY). Contains a filler word 'stuff'."
v4_30,KEEP,,Intent 'ADD_EXPENSE' is appropriate for logging a spending event.,KEEP,,Task type 'LOG' is consistent with the 'ADD_EXPENSE' intent.,WRONG_BOUNDARIES,"The entity 'regal blockbuster cinematic seating tickets' is incorrectly tagged as a single MERCHANT. 'Regal Blockbuster' is likely the MERCHANT, and 'cinematic seating tickets' is the CATEGORY. This requires splitting the entity and re-tagging. The utterance also seems to combine two distinct expenses/categories ('fintech credit cards bill pay clearing' and 'regal blockbuster cinematic seating tickets') which makes it ambiguous.",LOW,"The utterance combines two distinct expense categories/merchants, making it ambiguous and difficult to parse correctly for a single expense log.",i spent 5610 on fintech credit cards bill pay clearing last wednesday,DELETE,CRITICAL,Ambiguous utterance combining two distinct expenses. Incorrect entity boundaries and tag types for MERCHANT and CATEGORY.
v4_31,KEEP,,Intent 'ADD_EXPENSE' is appropriate for logging a spending event.,KEEP,,Task type 'LOG' is consistent with the 'ADD_EXPENSE' intent.,WRONG_BOUNDARIES,"The entity 'diagnostic clinic pathology lab blood test' is incorrectly tagged as a single CATEGORY. 'Diagnostic Clinic' is likely a MERCHANT, and 'pathology lab blood test' is the CATEGORY. This requires splitting the entity and re-tagging.",HIGH,,,MODIFY,HIGH,Incorrect entity boundaries and tag types for MERCHANT and CATEGORY.
v4_32,KEEP,,Intent 'ADD_EXPENSE' is appropriate for logging a spending event.,KEEP,,Task type 'LOG' is consistent with the 'ADD_EXPENSE' intent.,WRONG_TAGS,"The category 'monthly rent transaction' is completely mismatched with the merchant 'spotify premium'. Spotify is a music streaming service, not related to rent. This makes the utterance nonsensical.",LOW,"The category is completely mismatched with the merchant, making the utterance nonsensical.",paid spotify premium 3757.91 dollars for music subscription,DELETE,CRITICAL,"Critical mismatch between merchant and category, making the utterance nonsensical."
v4_33,KEEP,,Intent 'ADD_EXPENSE' is appropriate for logging a spending event.,KEEP,,Task type 'LOG' is consistent with the 'ADD_EXPENSE' intent.,WRONG_BOUNDARIES,"The entity 'redmud coffee thamel hot brew snacks' is incorrectly tagged as a single MERCHANT. 'Redmud Coffee Thamel' is likely the MERCHANT, and 'hot brew snacks' is the CATEGORY. This requires splitting the entity and re-tagging. Additionally, the category 'state tax rebate deposit' is completely mismatched with the merchant/items (coffee/snacks). This sounds like an income or refund, not an expense category.",LOW,"The category 'state tax rebate deposit' is completely mismatched with the merchant/items, making the utterance nonsensical.",blew aed5684.7 at Redmud Coffee Thamel for hot brew snacks 11/07/2026,DELETE,CRITICAL,"Critical mismatch between merchant/items and category, making the utterance nonsensical. Incorrect entity boundaries for merchant/category."
v4_34,WRONG,,"The category 'withholding refund' strongly suggests an income or refund, not an expense. This makes the 'ADD_EXPENSE' intent incorrect.",WRONG,,Task type 'LOG' is inconsistent if the intent is not 'ADD_EXPENSE'.,WRONG_BOUNDARIES,"The category 'withholding refund' is likely incorrect for an expense. The entity 'ee ltd mobile mobile cellular pay' is incorrectly tagged as a single MERCHANT. 'EE Ltd' is the MERCHANT, and 'mobile mobile cellular pay' is the CATEGORY. This requires splitting the entity and re-tagging.",LOW,"The category 'withholding refund' is highly suspicious for an expense, suggesting a wrong intent. | Contains Hindi filler words 'kharida', 'se', 'par'.",2.5k for EE Ltd mobile cellular pay 04-12-2026,DELETE,CRITICAL,"Critical issue: The category 'withholding refund' indicates a wrong intent (likely income/refund, not expense). Multiple entity boundary/tagging issues and filler words."
v4_35,KEEP,,Intent 'ADD_EXPENSE' is appropriate for logging a spending event.,KEEP,,Task type 'LOG' is consistent with the 'ADD_EXPENSE' intent.,WRONG_BOUNDARIES,"The entity 'ajio reliance apparel' is incorrectly tagged as a single MERCHANT. 'Ajio Reliance' is likely the MERCHANT, and 'apparel' is the CATEGORY. This requires splitting the entity and re-tagging. Additionally, the category 'broadband wifi internet subscription' is completely mismatched with the merchant 'Ajio Reliance apparel' (which is an apparel retailer). This makes the utterance nonsensical.",LOW,"The category is completely mismatched with the merchant, making the utterance nonsensical.",forked out 6522903 inr for broadband wifi internet subscription,DELETE,CRITICAL,"Critical mismatch between merchant and category, making the utterance nonsensical. Incorrect entity boundaries for merchant/category."
v4_36,KEEP,,Intent 'ADD_EXPENSE' is appropriate for logging a spending event.,KEEP,,Task type 'LOG' is consistent with the 'ADD_EXPENSE' intent.,WRONG_BOUNDARIES,"The entity 'kroger grocery weekly staples' is incorrectly tagged as a single MERCHANT. 'Kroger' is the MERCHANT, and 'grocery weekly staples' is the CATEGORY. This requires splitting the entity and re-tagging. The utterance also combines two distinct expense categories ('grocery weekly staples' and 'cardiologist heart rate screening consult'), making it ambiguous for a single expense log.",LOW,"The utterance combines two distinct expense categories/merchants, making it ambiguous and difficult to parse correctly for a single expense log.",just paid 1.9k to Kroger for grocery weekly staples,DELETE,CRITICAL,Ambiguous utterance combining two distinct expenses. Incorrect entity boundaries and tag types for MERCHANT and CATEGORY.
v4_37,KEEP,,Intent 'ADD_EXPENSE' is appropriate for logging a spending event.,KEEP,,Task type 'LOG' is consistent with the 'ADD_EXPENSE' intent.,WRONG_TAGS,"The category 'fast food home delivery' is completely mismatched with the merchant 'reliance digital'. Reliance Digital sells electronics, not fast food. This makes the utterance nonsensical.",LOW,"The category is completely mismatched with the merchant, making the utterance nonsensical. | Contains filler word 'stuff'.",spent 8008.43 at Reliance Digital 12/08/2024 on electronics,DELETE,CRITICAL,"Critical mismatch between merchant and category, making the utterance nonsensical. Contains a filler word 'stuff'."
v4_38,KEEP,,Intent 'ADD_EXPENSE' is appropriate for logging a spending event.,KEEP,,Task type 'LOG' is consistent with the 'ADD_EXPENSE' intent.,WRONG_BOUNDARIES,"The entity 'civil mall boutique clothing jacket' is incorrectly tagged as a single MERCHANT. 'Civil Mall' is the MERCHANT, and 'boutique clothing jacket' is the CATEGORY. This requires splitting the entity and re-tagging. The entity 'swiggy breakfast order' is incorrectly tagged as a CATEGORY. 'Swiggy' is a MERCHANT, and 'breakfast order' is the CATEGORY. This utterance also combines two distinct expenses/merchants/categories, making it ambiguous for a single expense log.",LOW,"The utterance combines two distinct expense categories/merchants, making it ambiguous and difficult to parse correctly for a single expense log. | Contains Hindi filler words 'mein', 'kharch', 'hua', 'ke', 'liye'.",6378833 kharch hua Civil Mall boutique clothing jacket mein today,DELETE,CRITICAL,Ambiguous utterance combining two distinct expenses. Multiple entity boundary/tagging issues and filler words.
v4_39,KEEP,,Intent 'ADD_EXPENSE' is appropriate for logging a spending event.,KEEP,,Task type 'LOG' is consistent with the 'ADD_EXPENSE' intent.,WRONG_BOUNDARIES,"The entity 'barclays card statement' is incorrectly tagged as a single MERCHANT. 'Barclays' is the MERCHANT, and 'card statement' is a PAYMENTMETHOD or context, not part of the merchant name. This requires splitting the entity and re-tagging.",MEDIUM,Contains filler word 'dikhao'.,shelled out 2.1k on ophthalmologist eye checkup focus testing glasses yday at Barclays,MODIFY,MEDIUM,Incorrect entity boundaries and tag types for MERCHANT. Contains a filler word 'dikhao'.
v4_40,KEEP,,Intent 'ADD_EXPENSE' is appropriate for logging a spending event.,KEEP,,Task type 'LOG' is consistent with the 'ADD_EXPENSE' intent.,MISSING_ENTITIES,The token 'uber' is a MERCHANT entity but is incorrectly tagged as 'O'.,HIGH,,,MODIFY,MEDIUM,Missing MERCHANT entity for 'uber'.
v4_41,KEEP,,Intent 'ADD_EXPENSE' is appropriate for logging a spending event.,KEEP,,Task type 'LOG' is consistent with the 'ADD_EXPENSE' intent.,WRONG_BOUNDARIES,"The entity 'ntc prepaid sim voucher recharge' is incorrectly tagged as a single MERCHANT. 'NTC' is the MERCHANT, and 'prepaid sim voucher recharge' is the CATEGORY. This requires splitting the entity and re-tagging.",MEDIUM,Contains filler word 'ugh'.,NTC prepaid sim voucher recharge 8610,MODIFY,HIGH,Incorrect entity boundaries and tag types for MERCHANT and CATEGORY. Contains a filler word 'ugh'.
v4_42,KEEP,,Intent 'ADD_EXPENSE' is appropriate for logging a spending event.,KEEP,,Task type 'LOG' is consistent with the 'ADD_EXPENSE' intent.,PERFECT,All entities are correctly identified and tagged.,HIGH,,,KEEP,NONE,No Issues Found
v4_43,KEEP,,Intent 'ADD_EXPENSE' is appropriate for logging a spending event.,KEEP,,Task type 'LOG' is consistent with the 'ADD_EXPENSE' intent.,WRONG_BOUNDARIES,"The entity 'octopus energy smart home lights' is incorrectly tagged as a single MERCHANT. 'Octopus Energy' is the MERCHANT, and 'smart home lights' is the CATEGORY. This requires splitting the entity and re-tagging.",MEDIUM,Contains filler word 'lol'.,just dropped 8824.2 quid at Octopus Energy smart home lights,MODIFY,HIGH,Incorrect entity boundaries and tag types for MERCHANT and CATEGORY. Contains a filler word 'lol'.
v4_44,KEEP,,Intent 'ADD_EXPENSE' is appropriate for logging a spending event.,KEEP,,Task type 'LOG' is consistent with the 'ADD_EXPENSE' intent.,WRONG_BOUNDARIES,"The entity 'feline kibble pet supermarket' is incorrectly tagged as a single CATEGORY. 'Pet Supermarket' is likely the MERCHANT, and 'feline kibble' is the CATEGORY. This requires splitting the entity and re-tagging.",HIGH,,,MODIFY,HIGH,Incorrect entity boundaries and tag types for MERCHANT and CATEGORY.
v4_45,KEEP,,Intent 'ADD_EXPENSE' is appropriate for logging a spending event.,KEEP,,Task type 'LOG' is consistent with the 'ADD_EXPENSE' intent.,MISSING_ENTITIES,The token 'swiggy' is a MERCHANT entity but is incorrectly tagged as 'O'. The token 'order' could be a CATEGORY but is incorrectly tagged as 'O'.,HIGH,,,MODIFY,CRITICAL,Missing MERCHANT and CATEGORY entities.
v4_46,KEEP,,Intent 'ADD_EXPENSE' is appropriate for logging a spending event.,KEEP,,Task type 'LOG' is consistent with the 'ADD_EXPENSE' intent.,PERFECT,All entities are correctly identified and tagged.,MEDIUM,Contains filler word 'oops'.,6564 on Barbeque Nation,MODIFY,LOW,Contains a filler word 'oops'.
v4_47,KEEP,,Intent 'ADD_EXPENSE' is appropriate for logging a spending event.,KEEP,,Task type 'LOG' is consistent with the 'ADD_EXPENSE' intent.,PERFECT,All entities are correctly identified and tagged.,MEDIUM,Contains filler word 'yikes'.,8.2k for commercial real estate loan installment,MODIFY,LOW,Contains a filler word 'yikes'.
v4_48,KEEP,,Intent 'ADD_EXPENSE' is appropriate for logging a spending event.,KEEP,,Task type 'LOG' is consistent with the 'ADD_EXPENSE' intent.,PERFECT,All entities are correctly identified and tagged.,MEDIUM,Contains filler word 'dikhao'.,18-10-2024 Pets at Home hit me for 7.4k,MODIFY,LOW,Contains a filler word 'dikhao'.
v4_49,KEEP,,Intent 'ADD_EXPENSE' is appropriate for logging a spending event.,KEEP,,Task type 'LOG' is consistent with the 'ADD_EXPENSE' intent.,PERFECT,All entities are correctly identified and tagged.,LOW,"Contains multiple filler words: 'batao', 'like', 'idk', 'why'.",spent 7699 on online food delivery booking,MODIFY,MEDIUM,Contains multiple filler words.
v4_50,KEEP,,Intent 'ADD_EXPENSE' is appropriate for logging an expense.,KEEP,,Task type 'LOG' is consistent with the 'ADD_EXPENSE' intent.,PERFECT,All relevant entities are correctly identified and tagged with accurate boundaries and labels.,MEDIUM,"Utterance contains informal language ('gone to', 'smh').",,KEEP,NONE,No Issues Found
v4_51,KEEP,,Intent 'ADD_EXPENSE' is appropriate for logging an expense.,KEEP,,Task type 'LOG' is consistent with the 'ADD_EXPENSE' intent.,MISSING_ENTITIES,The entity 'petrol' which represents a CATEGORY is untagged.,HIGH,,,MODIFY,MEDIUM,Missing CATEGORY entity 'petrol'.
v4_52,KEEP,,Intent 'ADD_EXPENSE' is appropriate for logging an expense.,KEEP,,Task type 'LOG' is consistent with the 'ADD_EXPENSE' intent.,WRONG_BOUNDARIES,"The phrase 'coffee run' should be tagged as a CATEGORY. The entity 'khalti digital wallet top-up mobile' is incorrectly tagged as a single MERCHANT; 'khalti digital wallet' is likely the MERCHANT, and 'top-up mobile' should be a CATEGORY.",MEDIUM,The description for the merchant/category is quite verbose and could be clearer.,,MODIFY,HIGH,"Missing CATEGORY entity 'coffee run'. Merchant entity 'khalti digital wallet top-up mobile' is too broad; 'khalti digital wallet' should be MERCHANT, and 'top-up mobile' should be CATEGORY."
v4_53,KEEP,,Intent 'ADD_EXPENSE' is appropriate for logging an expense.,KEEP,,Task type 'LOG' is consistent with the 'ADD_EXPENSE' intent.,WRONG_BOUNDARIES,"The entity 'kgh thamel room night stay reservation' is incorrectly tagged as a single MERCHANT. 'kgh thamel' should be the MERCHANT, and 'room night stay reservation' should be a CATEGORY.",HIGH,,,MODIFY,HIGH,"Merchant entity 'kgh thamel room night stay reservation' is too broad. 'kgh thamel' should be MERCHANT, and 'room night stay reservation' should be CATEGORY."
v4_54,KEEP,,Intent 'ADD_EXPENSE' is appropriate for logging an expense.,KEEP,,Task type 'LOG' is consistent with the 'ADD_EXPENSE' intent.,PERFECT,All relevant entities are correctly identified and tagged with accurate boundaries and labels.,MEDIUM,Utterance contains informal language ('burnt on').,,KEEP,NONE,No Issues Found
v4_55,KEEP,,Intent 'ADD_EXPENSE' is appropriate for logging an expense.,KEEP,,Task type 'LOG' is consistent with the 'ADD_EXPENSE' intent.,MISSING_ENTITIES,The entity 'rent' which represents a CATEGORY is untagged.,HIGH,,,MODIFY,MEDIUM,Missing CATEGORY entity 'rent'.
v4_56,KEEP,,Intent 'ADD_EXPENSE' is appropriate for logging an expense.,KEEP,,Task type 'LOG' is consistent with the 'ADD_EXPENSE' intent.,PERFECT,All relevant entities are correctly identified and tagged with accurate boundaries and labels.,MEDIUM,Utterance contains informal language ('splurge').,,KEEP,NONE,No Issues Found
v4_57,KEEP,,Intent 'ADD_EXPENSE' is appropriate for logging an expense.,KEEP,,Task type 'LOG' is consistent with the 'ADD_EXPENSE' intent.,WRONG_BOUNDARIES,"The entity 'bp petrol station diesel fill' is incorrectly tagged as a single MERCHANT. 'bp' should be the MERCHANT, and 'petrol station diesel fill' should be a CATEGORY.",MEDIUM,Utterance contains informal language ('no regrets').,,MODIFY,HIGH,"Merchant entity 'bp petrol station diesel fill' is too broad. 'bp' should be MERCHANT, and 'petrol station diesel fill' should be CATEGORY."
v4_58,KEEP,,Intent 'ADD_EXPENSE' is appropriate for logging an expense.,KEEP,,Task type 'LOG' is consistent with the 'ADD_EXPENSE' intent.,PERFECT,All relevant entities are correctly identified and tagged with accurate boundaries and labels.,MEDIUM,"Utterance contains informal language ('ugh', 'dikhao again').",,KEEP,NONE,No Issues Found
v4_59,KEEP,,Intent 'ADD_EXPENSE' is appropriate for logging an expense.,KEEP,,Task type 'LOG' is consistent with the 'ADD_EXPENSE' intent.,PERFECT,All relevant entities are correctly identified and tagged with accurate boundaries and labels.,HIGH,,,KEEP,NONE,No Issues Found
v4_60,KEEP,,Intent 'ADD_EXPENSE' is appropriate for logging an expense.,KEEP,,Task type 'LOG' is consistent with the 'ADD_EXPENSE' intent.,MISSING_ENTITIES,The entity 'today' which represents a DATE is untagged.,HIGH,,,MODIFY,MEDIUM,Missing DATE entity 'today'.
v4_61,KEEP,,Intent 'ADD_EXPENSE' is appropriate for logging an expense.,KEEP,,Task type 'LOG' is consistent with the 'ADD_EXPENSE' intent.,WRONG_BOUNDARIES,"The entity 'b&q retail outlet hardware repair' is incorrectly tagged as a single MERCHANT. 'b&q' should be the MERCHANT, and 'retail outlet hardware repair' should be a CATEGORY.",HIGH,,,MODIFY,HIGH,"Merchant entity 'b&q retail outlet hardware repair' is too broad. 'b&q' should be MERCHANT, and 'retail outlet hardware repair' should be CATEGORY."
v4_62,KEEP,,Intent 'ADD_EXPENSE' is appropriate for logging an expense.,KEEP,,Task type 'LOG' is consistent with the 'ADD_EXPENSE' intent.,WRONG_TAGS,"The entity 'comcast xfinity wifi bills' is incorrectly tagged as CATEGORY. 'comcast xfinity' should be MERCHANT, and 'wifi bills' should be CATEGORY.",MEDIUM,Utterance contains informal language ('kharcha').,,MODIFY,HIGH,"Entity 'comcast xfinity wifi bills' is incorrectly tagged as CATEGORY. 'comcast xfinity' should be MERCHANT, and 'wifi bills' should be CATEGORY."
v4_63,KEEP,,Intent 'ADD_EXPENSE' is appropriate for logging an expense.,KEEP,,Task type 'LOG' is consistent with the 'ADD_EXPENSE' intent.,WRONG_BOUNDARIES,"The entity 'blinkit instamart delivery' is incorrectly tagged as a single MERCHANT. 'blinkit instamart' should be the MERCHANT, and 'delivery' should be a CATEGORY.",HIGH,,,MODIFY,HIGH,"Merchant entity 'blinkit instamart delivery' is too broad. 'blinkit instamart' should be MERCHANT, and 'delivery' should be CATEGORY."
v4_64,KEEP,,Intent 'ADD_EXPENSE' is appropriate for logging an expense.,KEEP,,Task type 'LOG' is consistent with the 'ADD_EXPENSE' intent.,WRONG_TAGS,"The entity 'pediatric medicine drops corner chemist' is incorrectly tagged as CATEGORY. 'corner chemist' should be MERCHANT, and 'pediatric medicine drops' should be CATEGORY.",MEDIUM,Utterance contains a misspelling ('budgt').,,MODIFY,HIGH,"Entity 'pediatric medicine drops corner chemist' is incorrectly tagged as CATEGORY. 'corner chemist' should be MERCHANT, and 'pediatric medicine drops' should be CATEGORY. Utterance contains a misspelling 'budgt'."
v4_65,KEEP,,Intent 'ADD_EXPENSE' is appropriate for logging an expense.,KEEP,,Task type 'LOG' is consistent with the 'ADD_EXPENSE' intent.,PERFECT,All relevant entities are correctly identified and tagged with accurate boundaries and labels.,HIGH,,,KEEP,NONE,No Issues Found
v4_66,KEEP,,Intent 'ADD_EXPENSE' is appropriate for logging an expense.,KEEP,,Task type 'LOG' is consistent with the 'ADD_EXPENSE' intent.,PERFECT,All relevant entities are correctly identified and tagged with accurate boundaries and labels.,HIGH,,,KEEP,NONE,No Issues Found
v4_67,KEEP,,Intent 'ADD_EXPENSE' is appropriate for logging an expense.,KEEP,,Task type 'LOG' is consistent with the 'ADD_EXPENSE' intent.,PERFECT,All relevant entities are correctly identified and tagged with accurate boundaries and labels.,MEDIUM,"Utterance contains informal language ('blew', 'lol').",,KEEP,NONE,No Issues Found
v4_68,KEEP,,Intent 'ADD_EXPENSE' is appropriate for logging an expense.,KEEP,,Task type 'LOG' is consistent with the 'ADD_EXPENSE' intent.,PERFECT,All relevant entities are correctly identified and tagged with accurate boundaries and labels.,MEDIUM,Utterance contains a redundant word ('bill').,lunch date cafe bill was 6745 rs,MODIFY,LOW,Utterance contains a redundant word 'bill'.
v4_69,KEEP,,Intent 'ADD_EXPENSE' is appropriate for logging an expense.,KEEP,,Task type 'LOG' is consistent with the 'ADD_EXPENSE' intent.,WRONG_TAGS,"The amount 'aed1710' already includes the currency 'AED'. Tagging 'inr' as a separate B-CURRENCY creates ambiguity or implies a conversion not captured. It should be either 'aed1710' (AMOUNT) or '1710 inr' (AMOUNT, CURRENCY).",MEDIUM,Ambiguous currency specification ('aed1710 inr').,record aed1710 for imax film 3d screen movie pass,MODIFY,MEDIUM,"Ambiguous currency tagging. 'aed1710' already implies AED currency, so 'inr' should either be removed or the amount should be '1710 inr'."
v4_70,KEEP,,Intent 'ADD_EXPENSE' is appropriate for logging an expense.,KEEP,,Task type 'LOG' is consistent with the 'ADD_EXPENSE' intent.,MISSING_ENTITIES,"The entity 'yesterday' which represents a DATE is untagged. The category 'monthly rental check cleared' might be too broad; 'monthly rental' is the core category, and 'check cleared' is descriptive.",HIGH,,,MODIFY,MEDIUM,"Missing DATE entity 'yesterday'. Category 'monthly rental check cleared' might be too broad; 'monthly rental' is the category, and 'check cleared' is descriptive."
v4_71,KEEP,,Intent 'ADD_EXPENSE' is appropriate for logging an expense.,KEEP,,Task type 'LOG' is consistent with the 'ADD_EXPENSE' intent.,PERFECT,All relevant entities are correctly identified and tagged with accurate boundaries and labels.,HIGH,,,KEEP,NONE,No Issues Found
v4_72,KEEP,,Intent 'ADD_EXPENSE' is appropriate for logging an expense.,KEEP,,Task type 'LOG' is consistent with the 'ADD_EXPENSE' intent.,WRONG_TAGS,"The entity 'airbnb rental payout' is incorrectly tagged as CATEGORY. 'airbnb' should be MERCHANT, and 'rental payout' should be CATEGORY.",MEDIUM,Utterance contains informal language ('stuff').,,MODIFY,HIGH,"Entity 'airbnb rental payout' is incorrectly tagged as CATEGORY. 'airbnb' should be MERCHANT, and 'rental payout' should be CATEGORY."
v4_73,KEEP,,Intent 'ADD_EXPENSE' is appropriate for logging an expense.,KEEP,,Task type 'LOG' is consistent with the 'ADD_EXPENSE' intent.,WRONG_TAGS,"The amount '$4730064' implies USD currency. Tagging 'npr' as a separate B-CURRENCY creates ambiguity. It should be either '$4730064' (AMOUNT) or '4730064 npr' (AMOUNT, CURRENCY).",MEDIUM,Ambiguous currency specification ('$4730064 npr').,add $4730064 expenditure for buffet restaurant pass,MODIFY,MEDIUM,"Ambiguous currency tagging. '$4730064' implies USD currency, so 'npr' should either be removed or the amount should be '4730064 npr'."
v4_74,KEEP,,Intent 'ADD_EXPENSE' is appropriate for logging an expense.,KEEP,,Task type 'LOG' is consistent with the 'ADD_EXPENSE' intent.,PERFECT,All relevant entities are correctly identified and tagged with accurate boundaries and labels.,HIGH,,,KEEP,NONE,No Issues Found
v4_75,KEEP,,Intent 'ADD_EXPENSE' is appropriate for logging an expense.,KEEP,,Task type 'LOG' is consistent with the 'ADD_EXPENSE' intent.,WRONG_TAGS,"The entity 'tea and snacks joint' is incorrectly tagged as CATEGORY. 'tea and snacks' should be CATEGORY, and 'joint' (referring to an establishment) should be MERCHANT.",HIGH,,,MODIFY,HIGH,"Entity 'tea and snacks joint' is incorrectly tagged as CATEGORY. 'tea and snacks' should be CATEGORY, and 'joint' should be MERCHANT."
v4_76,KEEP,,Intent 'ADD_EXPENSE' is appropriate for logging an expense.,KEEP,,Task type 'LOG' is consistent with the 'ADD_EXPENSE' intent.,PERFECT,All relevant entities are correctly identified and tagged with accurate boundaries and labels.,MEDIUM,Utterance contains informal language ('stuff').,,KEEP,NONE,No Issues Found
v4_77,KEEP,,Intent 'ADD_EXPENSE' is appropriate for logging an expense.,KEEP,,Task type 'LOG' is consistent with the 'ADD_EXPENSE' intent.,PERFECT,All relevant entities are correctly identified and tagged with accurate boundaries and labels.,HIGH,,,KEEP,NONE,No Issues Found
v4_78,KEEP,,Intent 'ADD_EXPENSE' is appropriate for logging an expense.,KEEP,,Task type 'LOG' is consistent with the 'ADD_EXPENSE' intent.,WRONG_TAGS,"The entity 'electricity state board txn' is incorrectly tagged as CATEGORY. 'electricity state board' should be MERCHANT, and 'txn' is descriptive. The phrase 'a few hours ago' should be tagged as a DATE.",MEDIUM,Utterance contains informal language ('dikhao').,,MODIFY,HIGH,"Entity 'electricity state board txn' is incorrectly tagged as CATEGORY. 'electricity state board' should be MERCHANT, and 'txn' is descriptive. Missing DATE entity 'a few hours ago'."
v4_79,KEEP,,Intent 'ADD_EXPENSE' is appropriate for logging an expense.,KEEP,,Task type 'LOG' is consistent with the 'ADD_EXPENSE' intent.,WRONG_BOUNDARIES,"The entity 'bt broadband wifi monthly plan' is incorrectly tagged as a single MERCHANT. 'bt' should be the MERCHANT, and 'broadband wifi monthly plan' should be a CATEGORY.",HIGH,,,MODIFY,HIGH,"Merchant entity 'bt broadband wifi monthly plan' is too broad. 'bt' should be MERCHANT, and 'broadband wifi monthly plan' should be CATEGORY."
v4_80,KEEP,,Intent 'ADD_EXPENSE' is appropriate for logging an expense.,KEEP,,Task type 'LOG' is consistent with the 'ADD_EXPENSE' intent.,WRONG_TAGS,"The entity 'airtel network mobile pay' is incorrectly tagged as CATEGORY. 'airtel' should be MERCHANT, and 'network mobile pay' should be CATEGORY.",HIGH,,,MODIFY,HIGH,"Entity 'airtel network mobile pay' is incorrectly tagged as CATEGORY. 'airtel' should be MERCHANT, and 'network mobile pay' should be CATEGORY."
v4_81,KEEP,,Intent 'ADD_EXPENSE' is appropriate for logging an expense.,KEEP,,Task type 'LOG' is consistent with the 'ADD_EXPENSE' intent.,PERFECT,All relevant entities are correctly identified and tagged with accurate boundaries and labels.,HIGH,,,KEEP,NONE,No Issues Found
v4_82,KEEP,,Intent 'ADD_EXPENSE' is appropriate for logging an expense.,KEEP,,Task type 'LOG' is consistent with the 'ADD_EXPENSE' intent.,PERFECT,All relevant entities are correctly identified and tagged with accurate boundaries and labels.,HIGH,,,KEEP,NONE,No Issues Found
v4_83,KEEP,,Intent 'ADD_EXPENSE' is appropriate for logging an expense.,KEEP,,Task type 'LOG' is consistent with the 'ADD_EXPENSE' intent.,PERFECT,All relevant entities are correctly identified and tagged with accurate boundaries and labels.,HIGH,,,KEEP,NONE,No Issues Found
v4_84,KEEP,,Intent 'ADD_EXPENSE' is appropriate for logging an expense.,KEEP,,Task type 'LOG' is consistent with the 'ADD_EXPENSE' intent.,WRONG_TAGS,"The entity 'dmart supermarket bill' is incorrectly tagged as a single MERCHANT. 'dmart' should be the MERCHANT, and 'supermarket bill' should be a CATEGORY. The entity 'today' which represents a DATE is untagged.",HIGH,,,MODIFY,HIGH,"Merchant entity 'dmart supermarket bill' is too broad. 'dmart' should be MERCHANT, and 'supermarket bill' should be CATEGORY. Missing DATE entity 'today'."
v4_85,KEEP,,Intent 'ADD_EXPENSE' is appropriate for logging an expense.,KEEP,,Task type 'LOG' is consistent with the 'ADD_EXPENSE' intent.,WRONG_TAGS,"The entity 'shell station fuel cards' is incorrectly tagged as CATEGORY. 'shell station' should be MERCHANT, and 'fuel cards' should be CATEGORY.",HIGH,,,MODIFY,HIGH,"Entity 'shell station fuel cards' is incorrectly tagged as CATEGORY. 'shell station' should be MERCHANT, and 'fuel cards' should be CATEGORY."
v4_86,KEEP,,Intent 'ADD_EXPENSE' is appropriate for logging an expense.,KEEP,,Task type 'LOG' is consistent with the 'ADD_EXPENSE' intent.,PERFECT,All relevant entities are correctly identified and tagged with accurate boundaries and labels.,HIGH,,,KEEP,NONE,No Issues Found
v4_87,KEEP,,Intent 'ADD_EXPENSE' is appropriate for logging an expense.,KEEP,,Task type 'LOG' is consistent with the 'ADD_EXPENSE' intent.,PERFECT,All relevant entities are correctly identified and tagged with accurate boundaries and labels.,HIGH,,,KEEP,NONE,No Issues Found
v4_88,KEEP,,Intent 'ADD_EXPENSE' is appropriate for logging an expense.,KEEP,,Task type 'LOG' is consistent with the 'ADD_EXPENSE' intent.,PERFECT,"The entity 'grocerist' is tagged as CATEGORY, assuming it's a misspelling of 'groceries'. If it's intended as a merchant, the tag would be incorrect.",MEDIUM,Utterance contains a misspelling ('grocerist').,aed6950 groceries expense,MODIFY,LOW,Utterance contains a misspelling 'grocerist' (should be 'groceries' or 'grocer').
v4_89,KEEP,,Intent 'ADD_EXPENSE' is appropriate for logging an expense.,KEEP,,Task type 'LOG' is consistent with the 'ADD_EXPENSE' intent.,PERFECT,All relevant entities are correctly identified and tagged with accurate boundaries and labels.,HIGH,,,KEEP,NONE,No Issues Found
v4_90,KEEP,,Intent 'ADD_EXPENSE' is appropriate for logging an expense.,KEEP,,Task type 'LOG' is consistent with the 'ADD_EXPENSE' intent.,PERFECT,All relevant entities are correctly identified and tagged with accurate boundaries and labels.,HIGH,,,KEEP,NONE,No Issues Found
v4_91,KEEP,,Intent 'ADD_EXPENSE' is appropriate for logging an expense.,KEEP,,Task type 'LOG' is consistent with the 'ADD_EXPENSE' intent.,WRONG_TAGS,"The entity 'fever thermometer medical device pharmacy' is incorrectly tagged as CATEGORY. 'pharmacy' should be MERCHANT, and 'fever thermometer medical device' should be CATEGORY.",HIGH,,,MODIFY,HIGH,"Entity 'fever thermometer medical device pharmacy' is incorrectly tagged as CATEGORY. 'pharmacy' should be MERCHANT, and 'fever thermometer medical device' should be CATEGORY."
v4_92,KEEP,,Intent 'ADD_EXPENSE' is appropriate for logging an expense.,KEEP,,Task type 'LOG' is consistent with the 'ADD_EXPENSE' intent.,WRONG_BOUNDARIES,"The entity 'nandos chicken al ghurair' is incorrectly tagged as a single MERCHANT. 'nandos al ghurair' should be the MERCHANT, and 'chicken' should be a CATEGORY.",HIGH,,,MODIFY,HIGH,"Merchant entity 'nandos chicken al ghurair' is too broad. 'nandos al ghurair' should be MERCHANT, and 'chicken' should be CATEGORY."
v4_93,KEEP,,Intent 'ADD_EXPENSE' is appropriate for logging an expense.,KEEP,,Task type 'LOG' is consistent with the 'ADD_EXPENSE' intent.,WRONG_BOUNDARIES,"The entity 'ubereats online takeout delivery' is incorrectly tagged as a single MERCHANT. 'ubereats' should be the MERCHANT, and 'online takeout delivery' should be a CATEGORY.",MEDIUM,Utterance contains informal language ('blew').,,MODIFY,HIGH,"Merchant entity 'ubereats online takeout delivery' is too broad. 'ubereats' should be MERCHANT, and 'online takeout delivery' should be CATEGORY."
v4_94,KEEP,,Intent 'ADD_EXPENSE' is appropriate for logging an expense.,KEEP,,Task type 'LOG' is consistent with the 'ADD_EXPENSE' intent.,WRONG_BOUNDARIES,"The entity 'mashreq bank emi' is incorrectly tagged as a single MERCHANT. 'mashreq bank' should be the MERCHANT, and 'emi' should be a PAYMENTMETHOD or CATEGORY.",MEDIUM,"Utterance contains informal Hindi words ('kharida', 'se', 'par').",,MODIFY,HIGH,"Merchant entity 'mashreq bank emi' is too broad. 'mashreq bank' should be MERCHANT, and 'emi' should be PAYMENT_METHOD or CATEGORY. Utterance contains informal Hindi words."
v4_95,KEEP,,Intent 'ADD_EXPENSE' is appropriate for logging an expense.,KEEP,,Task type 'LOG' is consistent with the 'ADD_EXPENSE' intent.,WRONG_BOUNDARIES,"The entity 'jio prepaid recharge' is incorrectly tagged as a single MERCHANT. 'jio' should be the MERCHANT, and 'prepaid recharge' should be a CATEGORY.",MEDIUM,Utterance contains informal language ('forked out').,,MODIFY,HIGH,"Merchant entity 'jio prepaid recharge' is too broad. 'jio' should be MERCHANT, and 'prepaid recharge' should be CATEGORY."
v4_96,KEEP,,Intent 'ADD_EXPENSE' is appropriate for logging an expense.,KEEP,,Task type 'LOG' is consistent with the 'ADD_EXPENSE' intent.,WRONG_BOUNDARIES,"The entity 'esewa utility payout txn #310' is incorrectly tagged as a single MERCHANT. 'esewa' should be the MERCHANT, and 'utility payout txn #310' is descriptive or a CATEGORY.",HIGH,,,MODIFY,HIGH,"Merchant entity 'esewa utility payout txn #310' is too broad. 'esewa' should be MERCHANT, and 'utility payout txn #310' is descriptive or a CATEGORY."
v4_97,KEEP,,Intent 'ADD_EXPENSE' is appropriate for logging an expense.,KEEP,,Task type 'LOG' is consistent with the 'ADD_EXPENSE' intent.,PERFECT,All relevant entities are correctly identified and tagged with accurate boundaries and labels.,HIGH,,,KEEP,NONE,No Issues Found
v4_98,KEEP,,Intent 'ADD_EXPENSE' is appropriate for logging an expense.,KEEP,,Task type 'LOG' is consistent with the 'ADD_EXPENSE' intent.,WRONG_BOUNDARIES,"The entity 'byjus learning tuition class' is incorrectly tagged as a single MERCHANT. 'byjus' should be the MERCHANT, and 'learning tuition class' should be a CATEGORY. The category 'growth growth investment sip mutual' contains redundant 'growth growth' and should be 'investment sip mutual'.",LOW,"Utterance contains informal Hindi words ('mein', 'kharch hua', 'ke liye'). | Utterance contains redundant words ('growth growth').",byjus learning tuition class 3762.6 $ for investment sip mutual 21-05-2025,MODIFY,CRITICAL,"Merchant entity 'byjus learning tuition class' is too broad. 'byjus' should be MERCHANT, and 'learning tuition class' should be CATEGORY. Category 'growth growth investment sip mutual' contains redundant 'growth growth'. Utterance contains informal Hindi words and redundancy."
v4_99,KEEP,,Intent 'ADD_EXPENSE' is appropriate for logging an expense.,KEEP,,Task type 'LOG' is consistent with the 'ADD_EXPENSE' intent.,WRONG_TAGS,"The entity 'sushi bar billing' is incorrectly tagged as CATEGORY; 'sushi bar' should be MERCHANT. The entity 'at&t cellular bills' is incorrectly tagged as a single MERCHANT; 'at&t' should be the MERCHANT, and 'cellular bills' should be a CATEGORY.",MEDIUM,Utterance contains informal language ('shelled out').,,MODIFY,CRITICAL,"Entity 'sushi bar billing' is incorrectly tagged as CATEGORY; 'sushi bar' should be MERCHANT. Merchant entity 'at&t cellular bills' is too broad; 'at&t' should be MERCHANT, and 'cellular bills' should be CATEGORY."
v4_100,KEEP,,The utterance clearly indicates an expense is being added.,KEEP,,The utterance implies logging an expense.,MISSING_ENTITIES,"The token 'uber' is a merchant and should be tagged as B-MERCHANT, but is currently O.",MEDIUM,Informal and very concise phrasing.,Add Uber expense of 6.7k.,MODIFY,MEDIUM,Missing MERCHANT entity and informal phrasing.
v4_101,KEEP,,The utterance implies adding an expense.,KEEP,,The utterance implies logging an expense.,WRONG_BOUNDARIES,"The entity 'amul milk milk dairy bunk' is tagged as B-MERCHANT, I-MERCHANT, I-MERCHANT, I-MERCHANT, I-MERCHANT. 'Amul Milk' could be a merchant, but 'milk dairy bunk' is highly repetitive and unnatural as part of a merchant name. 'dairy' might be a category, and 'bunk' is likely extraneous. This indicates incorrect entity boundaries and potential over-tagging.",LOW,Highly unnatural and repetitive language in 'amul milk milk dairy bunk'. | Informal language ('ugh').,Add Amul Milk Dairy expense of 329.18.,MODIFY,HIGH,Unnatural utterance with significant entity boundary issues for MERCHANT.
v4_102,KEEP,,The utterance clearly indicates an expense is being added.,KEEP,,The utterance implies logging an expense.,PERFECT,All entities are correctly identified and tagged with appropriate boundaries.,HIGH,,,KEEP,NONE,No Issues Found
v4_103,KEEP,,The utterance clearly indicates an expense is being added.,KEEP,,The utterance implies logging an expense.,WRONG_BOUNDARIES,"The entity 'verizon mobile wireless monthly unlimited postpaid' is tagged as MERCHANT. 'Verizon Mobile Wireless' is likely the merchant, while 'monthly unlimited postpaid' describes the service and should be tagged as CATEGORY or O, not part of the MERCHANT entity.",MEDIUM,Informal language ('lol'). | Long and somewhat convoluted merchant/category phrase.,Spent 409 at Verizon Mobile Wireless for monthly unlimited postpaid service.,MODIFY,MEDIUM,Informal language and incorrect entity boundary for MERCHANT/CATEGORY.
v4_104,KEEP,,The utterance clearly indicates an expense is being added.,KEEP,,The utterance implies logging an expense.,PERFECT,All entities are correctly identified and tagged with appropriate boundaries.,MEDIUM,Informal abbreviation ('tmrw').,Water tap line maintenance bills run 5379.59 INR tomorrow.,MODIFY,LOW,Informal abbreviation in the utterance.
v4_105,KEEP,,The utterance clearly indicates an expense is being added.,KEEP,,The utterance implies logging an expense.,MISSING_ENTITIES,"The token 'swiggy' is a merchant and should be tagged as B-MERCHANT, but is currently O.",HIGH,,,MODIFY,MEDIUM,Missing MERCHANT entity.
v4_106,KEEP,,The utterance clearly indicates an expense is being added.,KEEP,,The utterance implies logging an expense.,WRONG_BOUNDARIES,"The entity 'doordash delivery' is tagged as MERCHANT. 'Doordash' is the merchant, and 'delivery' is more likely a CATEGORY or O, not part of the merchant name.",MEDIUM,Informal language ('oops').,Spent 3574811 RS on Doordash delivery.,MODIFY,LOW,Informal language and potential entity boundary issue for MERCHANT/CATEGORY.
v4_107,KEEP,,The utterance clearly indicates an expense is being added.,KEEP,,The utterance implies logging an expense.,PERFECT,All entities are correctly identified and tagged with appropriate boundaries.,MEDIUM,Informal language ('yikes').,Spent 6255.7k for family restaurant dinner.,MODIFY,LOW,Informal language in the utterance.
v4_108,KEEP,,The utterance clearly indicates an expense is being added.,KEEP,,The utterance implies logging an expense.,PERFECT,All entities are correctly identified and tagged with appropriate boundaries.,MEDIUM,Informal phrasing ('hit me for').,"On 08/01/2025, Shoppers Stop charged me 6115.",MODIFY,LOW,Informal phrasing in the utterance.
v4_109,KEEP,,The utterance clearly indicates an expense is being added.,KEEP,,The utterance implies logging an expense.,PERFECT,All entities are correctly identified and tagged with appropriate boundaries.,LOW,"Informal language ('like', 'idk why').",Spent 4100 INR on foodie spot dine-in.,MODIFY,LOW,Informal language in the utterance.
v4_110,KEEP,,The utterance clearly indicates an expense is being added.,KEEP,,The utterance implies logging an expense.,WRONG_BOUNDARIES,"The entity 'exxonmobil refill' is tagged as MERCHANT. 'ExxonMobil' is the merchant, and 'refill' is more likely a CATEGORY or O, not part of the merchant name.",MEDIUM,Informal language ('smh').,4485 spent at ExxonMobil for a refill.,MODIFY,LOW,Informal language and potential entity boundary issue for MERCHANT/CATEGORY.
v4_111,KEEP,,The utterance clearly indicates an expense is being added.,KEEP,,The utterance implies logging an expense.,MISSING_ENTITIES,"The token 'petrol' is a category and should be tagged as B-CATEGORY, but is currently O.",HIGH,,,MODIFY,MEDIUM,Missing CATEGORY entity.
v4_112,WRONG,,"The utterance 'coffee run ... at nic asia mutual fund' is highly contradictory. 'Coffee run' implies a small, everyday expense, while 'NIC Asia Mutual Fund' is a financial institution. It's unlikely a coffee run would be at a mutual fund, or if it is, the intent might be different (e.g., investment, not expense). This makes the intent ambiguous or the utterance nonsensical for ADD_EXPENSE.",KEEP,,"The utterance implies logging an expense, but the context is problematic.",WRONG_TAGS,"The tokens 'coffee run' are a category and should be tagged as B-CATEGORY, I-CATEGORY, but are currently O. The entity 'nic asia mutual fund' is tagged as MERCHANT, which is incorrect for a 'coffee run'. This is a major mismatch.",LOW,Contradictory and nonsensical phrasing ('coffee run' at a 'mutual fund'). | Informal language ('coffee run').,Spent ₹5707.39 on coffee.,DELETE,CRITICAL,"Critical mismatch between the expense type (coffee run) and the tagged merchant (mutual fund), indicating a fundamental issue with the data point or user intent."
v4_113,KEEP,,The utterance clearly indicates an expense is being added.,KEEP,,The utterance implies logging an expense.,PERFECT,All entities are correctly identified and tagged with appropriate boundaries.,HIGH,,,KEEP,NONE,No Issues Found
v4_114,KEEP,,The utterance clearly indicates an expense is being added.,KEEP,,The utterance implies logging an expense.,PERFECT,All entities are correctly identified and tagged with appropriate boundaries.,MEDIUM,Informal phrasing ('burnt on').,Spent ₹662507 on ELSS tax saver SIP mutual investment.,MODIFY,LOW,Informal phrasing in the utterance.
v4_115,KEEP,,The utterance clearly indicates an expense is being added.,KEEP,,The utterance implies logging an expense.,MISSING_ENTITIES,"The token 'rent' is a category and should be tagged as B-CATEGORY, but is currently O.",MEDIUM,Informal abbreviation ('nxt wk').,Rent paid 724.16$ next week.,MODIFY,MEDIUM,Missing CATEGORY entity and informal abbreviation.
v4_116,KEEP,,The utterance clearly indicates an expense is being added.,KEEP,,The utterance implies logging an expense.,PERFECT,All entities are correctly identified and tagged with appropriate boundaries.,MEDIUM,Informal language ('splurge').,Local commuter bus ticket cost 3300 bucks.,MODIFY,LOW,Informal language in the utterance.
v4_117,KEEP,,The utterance clearly indicates an expense is being added.,KEEP,,The utterance implies logging an expense.,WRONG_BOUNDARIES,"The entity 'swiggy instamart grocery' is tagged as MERCHANT. 'Swiggy Instamart' is the merchant, and 'grocery' is a category. It should be B-MERCHANT, I-MERCHANT for 'Swiggy Instamart' and B-CATEGORY for 'grocery'.",MEDIUM,Informal language ('no regrets').,Paid Swiggy Instamart 4380$ for groceries.,MODIFY,MEDIUM,Informal language and incorrect entity boundary for MERCHANT/CATEGORY.
v4_118,KEEP,,The utterance clearly indicates an expense is being added.,KEEP,,The utterance implies logging an expense.,PERFECT,All entities are correctly identified and tagged with appropriate boundaries.,LOW,Informal language ('ugh again').,Spent £2901 for a monetary token gift.,MODIFY,LOW,Informal language in the utterance.
v4_119,KEEP,,The utterance clearly indicates an expense is being added.,KEEP,,The utterance implies logging an expense.,WRONG_BOUNDARIES,"The entity 'kgh thamel room night stay reservation' is tagged as MERCHANT. 'KGH Thamel' is the merchant, and 'room night stay reservation' is a category. It should be B-MERCHANT, I-MERCHANT for 'KGH Thamel' and B-CATEGORY, I-CATEGORY, I-CATEGORY, I-CATEGORY for 'room night stay reservation'. Additionally, 'wealth growth credit' is tagged as CATEGORY, which is a very unusual category to be associated with a hotel stay and might indicate a misunderstanding or an overly complex/ambiguous utterance.",LOW,Informal phrasing ('quick spend'). | The utterance is long and contains potentially conflicting or ambiguous categories ('room night stay reservation' and 'wealth growth credit').,Spent 4306 dollars at KGH Thamel for a room night stay reservation.,MODIFY,HIGH,Multiple entity boundary issues and an ambiguous/convoluted utterance with potentially conflicting categories.
v4_120,KEEP,,The utterance clearly indicates an expense is being added.,KEEP,,The utterance implies logging an expense.,MISSING_ENTITIES,"The token 'today' is a date and should be tagged as B-DATE, but is currently O.",HIGH,,,MODIFY,MEDIUM,Missing DATE entity.
v4_121,KEEP,,The utterance clearly indicates an expense is being added.,KEEP,,The utterance explicitly states 'log'.,WRONG_BOUNDARIES,"The entity 'medplus pharmacy drugs store' is tagged as MERCHANT. 'Medplus Pharmacy' is the merchant, and 'drugs store' is a category. It should be B-MERCHANT, I-MERCHANT for 'Medplus Pharmacy' and B-CATEGORY, I-CATEGORY for 'drugs store'.",HIGH,,,MODIFY,MEDIUM,Incorrect entity boundary for MERCHANT/CATEGORY.
v4_122,KEEP,,The utterance clearly indicates an expense is being added.,KEEP,,The utterance implies logging an expense.,PERFECT,All entities are correctly identified and tagged with appropriate boundaries.,MEDIUM,Informal language/code-switching ('kharcha').,Piano music class weekly tuition expense 6202478.,MODIFY,LOW,Informal language/code-switching in the utterance.
v4_123,KEEP,,The utterance clearly indicates an expense is being added.,KEEP,,The utterance implies logging an expense.,WRONG_BOUNDARIES,"The entity 'shell gasoline pumps cards pay' is tagged as MERCHANT. 'Shell' is the merchant. 'gasoline pumps' is a category, and 'cards pay' is a payment method. This is a significant over-tagging of MERCHANT and incorrect entity boundaries. It should be B-MERCHANT for 'shell', B-CATEGORY, I-CATEGORY for 'gasoline pumps', and B-PAYMENTMETHOD, I-PAYMENTMETHOD for 'cards pay'.",HIGH,,,MODIFY,CRITICAL,"Critical entity boundary and tag issues, mixing MERCHANT, CATEGORY, and PAYMENTMETHOD into a single MERCHANT entity."
v4_124,KEEP,,The utterance clearly indicates an expense is being added.,KEEP,,The utterance explicitly states 'add'.,PERFECT,All entities are correctly identified and tagged with appropriate boundaries.,MEDIUM,Typo ('budgt' instead of 'budget').,Add 5.4k to liquid fund weekly SIP investment budget.,MODIFY,LOW,Typo in the utterance.
v4_125,KEEP,,The utterance clearly indicates an expense is being added.,KEEP,,The utterance implies logging an expense.,WRONG_BOUNDARIES,"The entity 'aarogyada health checkup diagnostics consultation' is tagged as MERCHANT. 'Aarogyada' is likely the merchant, and 'health checkup diagnostics consultation' is a category. It should be B-MERCHANT for 'Aarogyada' and B-CATEGORY, I-CATEGORY, I-CATEGORY, I-CATEGORY for the rest.",MEDIUM,Informal language ('stuff').,1916 spent at Aarogyada for health checkup diagnostics consultation yesterday.,MODIFY,MEDIUM,Informal language and incorrect entity boundary for MERCHANT/CATEGORY.
v4_126,KEEP,,The utterance clearly indicates an expense is being added.,KEEP,,The utterance implies logging an expense.,PERFECT,All entities are correctly identified and tagged with appropriate boundaries.,HIGH,,,KEEP,NONE,No Issues Found
v4_127,KEEP,,The utterance clearly indicates an expense is being added.,KEEP,,The utterance implies logging an expense.,PERFECT,All entities are correctly identified and tagged with appropriate boundaries.,LOW,"Informal language ('blew', 'lol').",Just spent 1794 RS on dinner takeaway checkout.,MODIFY,LOW,Informal language in the utterance.
v4_128,KEEP,,The utterance clearly indicates an expense is being added.,KEEP,,The utterance implies logging an expense.,PERFECT,All entities are correctly identified and tagged with appropriate boundaries.,HIGH,,,KEEP,NONE,No Issues Found
v4_129,KEEP,,The utterance clearly indicates an expense is being added.,KEEP,,The utterance explicitly states 'record'.,WRONG_TAGS,"The token 'bucks' is tagged as B-CURRENCY. When 'bucks' directly follows an amount, it should be tagged as I-AMOUNT to form a single AMOUNT entity (e.g., '7.5k bucks').",HIGH,,,MODIFY,LOW,Incorrect tag for 'bucks' (should be I-AMOUNT).
v4_130,WRONG,,"The phrase 'spent on refund cashback promo' is contradictory for an ADD_EXPENSE intent. 'Refund', 'cashback', and 'promo' typically imply a credit or income, not an expense. This utterance is fundamentally misaligned with the intent.",KEEP,,"The utterance implies logging an action, but the action itself is contradictory for an expense.",MISSING_ENTITIES,"The token 'yesterday' is a date and should be tagged as B-DATE, but is currently O. The category 'refund cashback promo' is problematic for an expense, as these terms usually relate to income or credit.",LOW,Contradictory phrasing for an expense ('spent on refund cashback promo').,Received 3414 bucks as refund cashback promo yesterday.,DELETE,CRITICAL,"Critical contradiction between the utterance and the ADD_EXPENSE intent, along with a missing DATE entity."
v4_131,KEEP,,The utterance clearly indicates an expense is being added.,KEEP,,The utterance implies logging an expense.,WRONG_BOUNDARIES,"The entity 'hsbc mortgage loan' is tagged as MERCHANT. 'HSBC' is the merchant, and 'mortgage loan' is a category. It should be B-MERCHANT for 'HSBC' and B-CATEGORY, I-CATEGORY for 'mortgage loan'.",HIGH,,,MODIFY,MEDIUM,Incorrect entity boundary for MERCHANT/CATEGORY.
v4_132,KEEP,,The utterance clearly indicates an expense is being added.,KEEP,,The utterance implies logging an expense.,PERFECT,All entities are correctly identified and tagged with appropriate boundaries.,MEDIUM,Informal language ('stuff').,7874102 for residential rent paid via net banking.,MODIFY,LOW,Informal language in the utterance.
v4_133,WRONG,,"The phrase 'expenditure for visa card rewards' is contradictory for an ADD_EXPENSE intent. 'Rewards' typically imply a credit or income, not an expense. This utterance is fundamentally misaligned with the intent.",KEEP,,"The utterance implies logging an action, but the action itself is contradictory for an expense.",WRONG_TAGS,"The token 'quid' is tagged as B-CURRENCY, but 'aed' is already present as the currency for the amount. This creates redundancy or ambiguity. If 'quid' is meant to be part of the amount, it should be I-AMOUNT. The category 'visa card rewards' is problematic for an expense, as 'rewards' usually relate to income or credit.",LOW,Contradictory phrasing for an expense ('expenditure for visa card rewards'). | Redundant or confusing currency specification ('aed quid').,Add 186597.01 AED expenditure for Visa card.,DELETE,CRITICAL,"Critical contradiction between the utterance and the ADD_EXPENSE intent, along with redundant currency and problematic category tagging."
v4_134,KEEP,,The utterance clearly indicates an expense is being added.,KEEP,,The utterance implies logging an expense.,WRONG_BOUNDARIES,"The entity 'starbucks store seattle morning brew' is tagged as MERCHANT. 'Starbucks' is the merchant, and 'store seattle morning brew' is a category/location description. It should be B-MERCHANT for 'Starbucks' and B-CATEGORY, I-CATEGORY, I-CATEGORY, I-CATEGORY for the rest.",LOW,Informal language/code-switching ('yaar').,Spent 8956 bucks on Starbucks store Seattle morning brew using net banking.,MODIFY,MEDIUM,Informal language/code-switching and incorrect entity boundary for MERCHANT/CATEGORY.
v4_135,KEEP,,The utterance clearly indicates an expense is being added.,KEEP,,The utterance implies logging an expense.,WRONG_BOUNDARIES,"The entity 'comcast xfinity wifi bills' is tagged as CATEGORY. 'Comcast Xfinity' is a merchant, and 'wifi bills' is a category. It should be B-MERCHANT, I-MERCHANT for 'Comcast Xfinity' and B-CATEGORY, I-CATEGORY for 'wifi bills'.",HIGH,,,MODIFY,MEDIUM,Incorrect entity boundary for MERCHANT/CATEGORY.
v4_136,KEEP,,The utterance clearly indicates an expense is being added.,KEEP,,The utterance implies logging an expense.,WRONG_BOUNDARIES,"The entity 'bupa wellness healthcare monthly premium' is tagged as MERCHANT. 'Bupa' is the merchant, and 'wellness healthcare monthly premium' is a category. It should be B-MERCHANT for 'Bupa' and B-CATEGORY, I-CATEGORY, I-CATEGORY, I-CATEGORY for the rest.",HIGH,,,MODIFY,MEDIUM,Incorrect entity boundary for MERCHANT/CATEGORY.
v4_137,KEEP,,The utterance clearly indicates an expense is being added.,KEEP,,The utterance implies logging an expense.,PERFECT,All entities are correctly identified and tagged with appropriate boundaries.,HIGH,,,KEEP,NONE,No Issues Found
v4_138,KEEP,,The utterance clearly indicates an expense is being added.,KEEP,,The utterance implies logging an expense.,MISSING_ENTITIES,"The tokens 'a few hours ago' are a date expression and should be tagged as B-DATE, I-DATE, I-DATE, I-DATE, but are currently O. The token 'bucks' is tagged as B-CURRENCY. When 'bucks' directly follows an amount, it should be tagged as I-AMOUNT to form a single AMOUNT entity (e.g., '2822.22 bucks').",HIGH,,,MODIFY,MEDIUM,Missing DATE entity and incorrect tag for 'bucks' (should be I-AMOUNT).
v4_139,KEEP,,The utterance clearly indicates an expense is being added.,KEEP,,The utterance explicitly states 'logged'.,WRONG_BOUNDARIES,"The entity 'croma retail outlet store' is tagged as MERCHANT. 'Croma' is the merchant, and 'retail outlet store' is a category. It should be B-MERCHANT for 'Croma' and B-CATEGORY, I-CATEGORY, I-CATEGORY for the rest.",HIGH,,,MODIFY,MEDIUM,Incorrect entity boundary for MERCHANT/CATEGORY.
v4_140,KEEP,,The utterance clearly indicates an expense is being added.,KEEP,,The utterance implies logging an expense.,PERFECT,All entities are correctly identified and tagged with appropriate boundaries.,MEDIUM,Typo ('celular' instead of 'cellular').,Unlimited cellular network pack cost me 6631 ₹.,MODIFY,LOW,Typo in the utterance.
v4_141,KEEP,,The utterance clearly indicates an expense is being added.,KEEP,,The utterance explicitly states 'add'.,WRONG_TAGS,"The entity 'local barista billing' is tagged as CATEGORY. 'Barista' could be a merchant (e.g., a coffee shop chain). If so, it should be B-MERCHANT, and 'local' and 'billing' could be O or part of a category. This is ambiguous and potentially mis-tagged.",HIGH,,,MODIFY,LOW,Ambiguous entity tagging for 'barista' which could be a MERCHANT instead of part of a CATEGORY.
v4_142,KEEP,,The utterance clearly indicates an expense is being added.,KEEP,,The utterance implies logging an expense.,PERFECT,All entities are correctly identified and tagged with appropriate boundaries.,MEDIUM,Informal abbreviation ('wk').,5397 for groceries last week.,MODIFY,LOW,Informal abbreviation in the utterance.
v4_143,KEEP,,The utterance clearly indicates an expense is being added.,KEEP,,The utterance implies logging an expense.,WRONG_BOUNDARIES,"The entity 'monthly natural gas home heating' is tagged as CATEGORY. The token 'bill' is part of the category description and should be I-CATEGORY, but is currently O. The full category should be 'monthly natural gas home heating bill'.",HIGH,,,MODIFY,LOW,Missing entity boundary for CATEGORY ('bill' should be I-CATEGORY).
v4_144,KEEP,,The utterance clearly indicates an expense is being added.,KEEP,,The utterance implies logging an expense.,MISSING_ENTITIES,"The token 'today' is a date and should be tagged as B-DATE, but is currently O. The entity 'machhapuchchhre bank cc dues' is tagged as MERCHANT. 'Machhapuchchhre Bank' is the merchant, and 'cc dues' is a category. It should be B-MERCHANT, I-MERCHANT for 'Machhapuchchhre Bank' and B-CATEGORY, I-CATEGORY for 'cc dues'.",HIGH,,,MODIFY,MEDIUM,Missing DATE entity and incorrect entity boundary for MERCHANT/CATEGORY.
v4_145,WRONG,,"The phrase 'paid for credit card cash reward' is contradictory for an ADD_EXPENSE intent. 'Reward' typically implies a credit or income, not an expense. This utterance is fundamentally misaligned with the intent.",KEEP,,"The utterance implies logging an action, but the action itself is contradictory for an expense.",WRONG_TAGS,"The category 'credit card cash reward' is problematic for an expense, as 'reward' usually relates to income or credit.",LOW,Contradictory phrasing for an expense ('paid for credit card cash reward').,Received 4397.23 quid as credit card cash reward.,DELETE,CRITICAL,"Critical contradiction between the utterance and the ADD_EXPENSE intent, along with a problematic category tagging."
v4_146,WRONG,,"The phrase 'add ... to cashback credit' is contradictory for an ADD_EXPENSE intent. 'Cashback credit' typically implies a credit or income, not an expense. This utterance is fundamentally misaligned with the intent.",KEEP,,"The utterance explicitly states 'add', but the context is contradictory for an expense.",WRONG_TAGS,"The token '₹' is tagged as B-CURRENCY. When '₹' directly follows an amount, it should be tagged as I-AMOUNT to form a single AMOUNT entity (e.g., '2436.37 ₹'). The category 'cashback credit' is problematic for an expense, as 'cashback credit' usually relates to income or credit.",LOW,Contradictory phrasing for an expense ('add ... to cashback credit').,Add 2436.37 ₹ as cashback credit.,DELETE,CRITICAL,"Critical contradiction between the utterance and the ADD_EXPENSE intent, along with incorrect currency tagging and a problematic category."
v4_147,KEEP,,The utterance clearly indicates an expense is being added.,KEEP,,The utterance implies logging an expense.,WRONG_BOUNDARIES,"The entity 'blinkit instamart delivery' is tagged as MERCHANT. 'Blinkit Instamart' is the merchant, and 'delivery' is a category. It should be B-MERCHANT, I-MERCHANT for 'Blinkit Instamart' and B-CATEGORY for 'delivery'.",HIGH,,,MODIFY,MEDIUM,Incorrect entity boundary for MERCHANT/CATEGORY.
v4_148,KEEP,,"The utterance implies adding an expense, especially with 'expense' explicitly mentioned.",MODIFY,LOG,"The word 'dikhao' (Hindi for 'show') is ambiguous. While the overall context suggests logging an expense, 'dikhao' itself is not a logging verb. It could imply 'VIEW_EXPENSE'. For clarity and consistency with 'LOG', the utterance should be rephrased.",WRONG_BOUNDARIES,"The entity 'irs tax payout' is tagged as CATEGORY. The token 'expense' is also part of the category description and should be I-CATEGORY, but is currently O. The full category should be 'irs tax payout expense'.",LOW,Informal language/code-switching ('dikhao'). | Ambiguous phrasing for task type.,Log 8.2k IRS tax payout expense.,MODIFY,MEDIUM,Ambiguous task type due to informal language/code-switching and incorrect entity boundary for CATEGORY.
v4_149,KEEP,,The utterance clearly indicates an expense is being added.,KEEP,,The utterance implies logging an expense.,WRONG_BOUNDARIES,"The entity 'door-dash meal delivery' is tagged as CATEGORY. 'Door-Dash' is a merchant, and 'meal delivery' is a category. It should be B-MERCHANT for 'Door-Dash' and B-CATEGORY, I-CATEGORY for 'meal delivery'.",HIGH,,,MODIFY,MEDIUM,Incorrect entity boundary for MERCHANT/CATEGORY.
v4_150,KEEP,,Intent 'ADD_EXPENSE' is appropriate for logging a spent amount.,KEEP,,Task type 'LOG' is appropriate for recording an expense.,WRONG_TAGS,"The entity 'hmrc paye tax refund credit direct' is tagged as B-MERCHANT I-MERCHANT I-MERCHANT I-MERCHANT I-MERCHANT I-MERCHANT. 'HMRC' is the merchant, and 'paye tax refund credit direct' describes the type of expense or transaction, which should be categorized. It should be 'HMRC' (B-MERCHANT) and 'paye tax refund credit direct' (B-CATEGORY I-CATEGORY I-CATEGORY I-CATEGORY I-CATEGORY).",MEDIUM,Unnatural phrasing for merchant/category combination. | Informal date 'nxt wk'.,"I spent 1446.73 on professional certification bootcamp tuition fees, a PAYE tax refund credit direct payment to HMRC next week.",MODIFY,HIGH,"The merchant and category entities are incorrectly bounded and tagged, leading to ambiguity about the actual merchant and the nature of the expense."
v4_151,MODIFY,ADD_INCOME,"The phrase 'tax payout' typically refers to money received (income), which contradicts the 'ADD_EXPENSE' intent. If it's an expense, it should be 'tax payment' or 'tax liability'.",KEEP,,Task type 'LOG' is appropriate for recording an expense.,WRONG_TAGS,"The entity 'irs tax payout' is tagged as B-CATEGORY I-CATEGORY I-CATEGORY. 'IRS' is a government body and should be tagged as B-MERCHANT (as the payee). 'tax payout' is ambiguous for an expense and should be re-evaluated as a category (e.g., 'tax payment').",LOW,"Ambiguous phrasing: 'tax payout' suggests income, conflicting with 'ADD_EXPENSE'. | Informal date 'last wk'.",I paid AED3220 for IRS tax payment last week.,MODIFY,CRITICAL,"The intent and category are highly ambiguous due to the term 'payout', which typically implies income, making the 'ADD_EXPENSE' intent questionable. Also, 'IRS' should be a merchant."
v4_152,MODIFY,ADD_INCOME,"The phrase 'equity gain payout' typically refers to money received (income), which contradicts the 'ADD_EXPENSE' intent. If it's an expense, it should be 'tax on equity gains' or 'investment fees'.",KEEP,,Task type 'LOG' is appropriate for recording an expense.,WRONG_TAGS,"The entity 'equity gain payout' is tagged as B-CATEGORY I-CATEGORY I-CATEGORY. 'equity gain payout' is ambiguous for an expense and sounds like income. It should be re-evaluated as a category (e.g., 'tax on equity gains' or 'investment fees').",LOW,"Ambiguous phrasing: 'equity gain payout' suggests income, conflicting with 'ADD_EXPENSE'.",I paid Lulu Hypermarket ₹346 for equity gain tax.,MODIFY,CRITICAL,"The intent and category are highly ambiguous due to the term 'payout', which typically implies income, making the 'ADD_EXPENSE' intent questionable."
v4_153,WRONG,,The utterance describes two distinct and unrelated expenses ('pharmeasy medicine order online' and 'iced latte cup') with a single amount. This makes the intent ambiguous for a single transaction.,KEEP,,Task type 'LOG' is appropriate for recording an expense.,WRONG_BOUNDARIES,The utterance contains two distinct categories of expense ('medicine order online' and 'iced latte cup') and a merchant ('pharmeasy'). The current tagging incorrectly groups 'pharmeasy medicine order online' as a single merchant. It should be 'pharmeasy' (B-MERCHANT) and 'medicine order online' (B-CATEGORY I-CATEGORY I-CATEGORY).,LOW,"Describes two distinct and unrelated expenses with a single amount, making it unsuitable for a single expense entry. | Ambiguous phrasing due to multiple items.",I blew 1502 at PharmEasy for medicine order online on 2026-09-20. (Separate entry for iced latte cup),DELETE,CRITICAL,"This row is fundamentally flawed as it attempts to log two separate expenses with a single amount and intent, leading to high ambiguity and incorrect entity boundaries."
v4_154,KEEP,,Intent 'ADD_EXPENSE' is appropriate for logging a spent amount.,KEEP,,Task type 'LOG' is appropriate for recording an expense.,WRONG_TAGS,"The entity 'cashback' is tagged as B-CATEGORY, but 'cashback se' (with cashback) indicates a payment method or source of funds, not an expense category. It should be B-PAYMENTMETHOD or O. Also, 'mmt flight booking' is tagged as a single merchant; 'mmt' should be B-MERCHANT and 'flight booking' should be B-CATEGORY I-CATEGORY.",MEDIUM,Mixed language (Hindi/English). | Incorrect categorization of 'cashback'.,I bought 8433308 with cashback for MMT flight booking on 22-07-2025.,MODIFY,HIGH,"The 'cashback' entity is incorrectly tagged as a category when it functions as a payment method, and the merchant/category boundaries for 'mmt flight booking' are incorrect."
v4_155,WRONG,,"The utterance describes two distinct and unrelated expenses ('crypto gains wallet' and 'bt broadband wifi monthly plan') with a single amount. This makes the intent ambiguous for a single transaction. Additionally, 'crypto gains wallet' is an ambiguous category for an expense.",KEEP,,Task type 'LOG' is appropriate for recording an expense.,WRONG_TAGS,"The utterance contains two distinct categories of expense. 'crypto gains wallet' is tagged as B-CATEGORY I-CATEGORY I-CATEGORY, but it's ambiguous for an expense (sounds like an asset or income). 'bt broadband wifi monthly plan' is tagged as a single merchant; 'bt' should be B-MERCHANT and 'broadband wifi monthly plan' should be B-CATEGORY I-CATEGORY I-CATEGORY I-CATEGORY.",LOW,"Describes two distinct and unrelated expenses with a single amount, making it unsuitable for a single expense entry. | Ambiguous category 'crypto gains wallet'.",I forked out 5.9k for BT broadband wifi monthly plan. (Separate entry for crypto related expense),DELETE,CRITICAL,"This row is fundamentally flawed due to attempting to log multiple unrelated expenses with a single amount and intent, and contains an ambiguous category and incorrect entity boundaries."
v4_156,KEEP,,"Intent 'ADD_EXPENSE' is appropriate for logging a spent amount, even for an investment-related setup fee.",KEEP,,Task type 'LOG' is appropriate for recording an expense.,PERFECT,No issues found.,HIGH,,,KEEP,NONE,No Issues Found
v4_157,WRONG,,The utterance describes two distinct and unrelated expenses ('ncell postpaid telecom data pack' and 'hourly office visitor parking') with a single amount. This makes the intent ambiguous for a single transaction.,KEEP,,Task type 'LOG' is appropriate for recording an expense.,WRONG_BOUNDARIES,The utterance contains two distinct categories of expense. 'ncell postpaid telecom data pack' is tagged as a single merchant; 'ncell' should be B-MERCHANT and 'postpaid telecom data pack' should be B-CATEGORY I-CATEGORY I-CATEGORY I-CATEGORY.,LOW,"Describes two distinct and unrelated expenses with a single amount, making it unsuitable for a single expense entry.",I spent 8.5k at Ncell for postpaid telecom data pack next week. (Separate entry for parking),DELETE,CRITICAL,"This row is fundamentally flawed due to attempting to log multiple unrelated expenses with a single amount and intent, and contains incorrect entity boundaries."
v4_158,KEEP,,"Intent 'ADD_EXPENSE' is appropriate for logging a spent amount, assuming 'crypto gains wallet' refers to a fee or investment.",KEEP,,Task type 'LOG' is appropriate for recording an expense.,WRONG_TAGS,"The currency '£' is tagged as I-AMOUNT, but it should be B-CURRENCY. The category 'crypto gains wallet' is ambiguous for an expense; it sounds like an asset or income. If it's an expense, it should be clarified (e.g., 'crypto wallet fees').",MEDIUM,Mixed language (Hindi/English). | Ambiguous category 'crypto gains wallet'.,4788 £ was spent at Odeon Blockbuster for crypto wallet fees next week.,MODIFY,HIGH,"The currency symbol is incorrectly tagged, and the category 'crypto gains wallet' is ambiguous for an expense, requiring clarification."
v4_159,MODIFY,ADD_INCOME,"The phrase 'diwali bonus' typically refers to money received (income), which contradicts the 'ADD_EXPENSE' intent. If it's an expense, it should be 'tax on diwali bonus' or 'diwali gift expense'.",KEEP,,Task type 'LOG' is appropriate for recording an expense.,WRONG_TAGS,"The entity 'diwali bonus' is tagged as B-CATEGORY I-CATEGORY. 'diwali bonus' is ambiguous for an expense and sounds like income. It should be re-evaluated as a category (e.g., 'diwali gift expense' or 'tax on diwali bonus').",LOW,"Ambiguous phrasing: 'diwali bonus' suggests income, conflicting with 'ADD_EXPENSE'.",I shelled out AED7533 on Diwali gift at Namshi on 28/05/2025.,MODIFY,CRITICAL,"The intent and category are highly ambiguous due to the term 'diwali bonus', which typically implies income, making the 'ADD_EXPENSE' intent questionable."
v4_160,KEEP,,Intent 'ADD_EXPENSE' is appropriate for logging a spent amount at Uber.,KEEP,,Task type 'LOG' is appropriate for recording an expense.,MISSING_ENTITIES,The entity 'uber' is not tagged. It should be tagged as B-MERCHANT.,HIGH,,,MODIFY,MEDIUM,The merchant 'uber' is missing its entity tag.
v4_161,KEEP,,Intent 'ADD_EXPENSE' is appropriate for logging a credit card statement clearing.,KEEP,,Task type 'LOG' is appropriate for recording an expense.,WRONG_BOUNDARIES,"The entity 'sbl gold credit card statement clearing' is tagged as a single MERCHANT. 'SBL' should be B-MERCHANT, and 'gold credit card statement clearing' should be B-CATEGORY I-CATEGORY I-CATEGORY I-CATEGORY I-CATEGORY.",HIGH,,,MODIFY,HIGH,"The merchant and category entities are incorrectly bounded, leading to an overly long merchant tag."
v4_162,KEEP,,Intent 'ADD_EXPENSE' is appropriate for logging a spent amount on food delivery.,KEEP,,Task type 'LOG' is appropriate for recording an expense.,PERFECT,No issues found.,HIGH,,,KEEP,NONE,No Issues Found
v4_163,KEEP,,Intent 'ADD_EXPENSE' is appropriate for logging a tax payment.,KEEP,,Task type 'LOG' is appropriate for recording an expense.,WRONG_TAGS,"The currency 'quid' is tagged as I-AMOUNT, but it should be B-CURRENCY.",HIGH,,,MODIFY,MEDIUM,The currency 'quid' is incorrectly tagged as part of the amount.
v4_164,KEEP,,Intent 'ADD_EXPENSE' is appropriate for logging a handyman repair expense.,KEEP,,Task type 'LOG' is appropriate for recording an expense.,WRONG_BOUNDARIES,The entity 'handyman repair txn' is tagged as B-CATEGORY I-CATEGORY I-CATEGORY. 'txn' (transaction) is not part of the category and should be tagged as O. The category should be 'handyman repair' (B-CATEGORY I-CATEGORY).,MEDIUM,Informal phrasing 'txn run'.,Handyman repair transaction was 383.37 Monday morning.,MODIFY,LOW,"The category entity has incorrect boundaries, including an irrelevant word."
v4_165,KEEP,,Intent 'ADD_EXPENSE' is appropriate for logging an expense for a Swiggy order.,KEEP,,Task type 'LOG' is appropriate for recording an expense.,MISSING_ENTITIES,The entity 'swiggy' is not tagged. It should be tagged as B-MERCHANT. 'order' could also be tagged as B-CATEGORY.,HIGH,,,MODIFY,MEDIUM,The merchant 'swiggy' and potential category 'order' are missing their entity tags.
v4_166,KEEP,,Intent 'ADD_EXPENSE' is appropriate for logging a spent amount on Deliveroo.,KEEP,,Task type 'LOG' is appropriate for recording an expense.,PERFECT,No issues found.,HIGH,,,KEEP,NONE,No Issues Found
v4_167,KEEP,,Intent 'ADD_EXPENSE' is appropriate for logging a DTH reload expense.,KEEP,,Task type 'LOG' is appropriate for recording an expense.,WRONG_TAGS,"The currency '$' is tagged as I-AMOUNT, but it should be B-CURRENCY.",HIGH,Mixed language (Hindi/English).,,MODIFY,MEDIUM,The currency symbol is incorrectly tagged as part of the amount.
v4_168,KEEP,,Intent 'ADD_EXPENSE' is appropriate for logging a purchase at Pret A Manger.,KEEP,,Task type 'LOG' is appropriate for recording an expense.,WRONG_BOUNDARIES,"The entity 'pret a manger organic baguette' is tagged as a single MERCHANT. 'Pret A Manger' should be B-MERCHANT I-MERCHANT I-MERCHANT, and 'organic baguette' should be B-CATEGORY I-CATEGORY. The currency '£' is tagged as I-AMOUNT, but it should be B-CURRENCY.",HIGH,,,MODIFY,HIGH,"The merchant and category entities are incorrectly bounded, and the currency symbol is incorrectly tagged."
v4_169,KEEP,,Intent 'ADD_EXPENSE' is appropriate for logging a loan EMI payment.,KEEP,,Task type 'LOG' is appropriate for recording an expense.,WRONG_BOUNDARIES,"The entity 'sbi home loan emi auto debit' is tagged as a single CATEGORY. 'SBI' should be B-MERCHANT, and 'home loan emi auto debit' should be B-CATEGORY I-CATEGORY I-CATEGORY I-CATEGORY I-CATEGORY.",HIGH,,,MODIFY,HIGH,"The merchant and category entities are incorrectly bounded, leading to an overly long category tag."
v4_170,KEEP,,Intent 'ADD_EXPENSE' is appropriate for logging an electricity bill payment.,KEEP,,Task type 'LOG' is appropriate for recording an expense.,WRONG_BOUNDARIES,"The entity 'british gas electricity supply pay' is tagged as a single MERCHANT. 'British Gas' should be B-MERCHANT I-MERCHANT, and 'electricity supply pay' should be B-CATEGORY I-CATEGORY I-CATEGORY.",HIGH,,,MODIFY,HIGH,"The merchant and category entities are incorrectly bounded, leading to an overly long merchant tag."
v4_171,KEEP,,Intent 'ADD_EXPENSE' is appropriate for logging a petrol expense.,KEEP,,Task type 'LOG' is appropriate for recording an expense.,MISSING_ENTITIES,The entity 'petrol' is not tagged. It should be tagged as B-CATEGORY.,HIGH,,,MODIFY,MEDIUM,The category 'petrol' is missing its entity tag.
v4_172,KEEP,,Intent 'ADD_EXPENSE' is appropriate for logging a coffee expense.,KEEP,,Task type 'LOG' is appropriate for recording an expense.,MISSING_ENTITIES,The entity 'coffee run' is not tagged. It should be tagged as B-CATEGORY I-CATEGORY.,HIGH,,,MODIFY,MEDIUM,The category 'coffee run' is missing its entity tags.
v4_173,KEEP,,Intent 'ADD_EXPENSE' is appropriate for logging an expense at Vox Cinemas.,KEEP,,Task type 'LOG' is appropriate for recording an expense.,WRONG_TAGS,"The currency 'dollars' is tagged as I-AMOUNT, but it should be B-CURRENCY.",HIGH,,,MODIFY,MEDIUM,The currency 'dollars' is incorrectly tagged as part of the amount.
v4_174,KEEP,,Intent 'ADD_EXPENSE' is appropriate for logging an expense on storage devices.,KEEP,,Task type 'LOG' is appropriate for recording an expense.,PERFECT,No issues found.,HIGH,,,KEEP,NONE,No Issues Found
v4_175,KEEP,,Intent 'ADD_EXPENSE' is appropriate for logging a rent payment.,KEEP,,Task type 'LOG' is appropriate for recording an expense.,MISSING_ENTITIES,The entity 'rent' is not tagged. It should be tagged as B-CATEGORY.,HIGH,,,MODIFY,MEDIUM,The category 'rent' is missing its entity tag.
v4_176,KEEP,,Intent 'ADD_EXPENSE' is appropriate for logging a mortgage EMI payment.,KEEP,,Task type 'LOG' is appropriate for recording an expense.,PERFECT,No issues found.,HIGH,,,KEEP,NONE,No Issues Found
v4_177,KEEP,,Intent 'ADD_EXPENSE' is appropriate for logging a payment for home appliance delivery.,KEEP,,Task type 'LOG' is appropriate for recording an expense.,WRONG_BOUNDARIES,"The entity 'sastodeal home appliance delivery invoice' is tagged as a single MERCHANT. 'Sastodeal' should be B-MERCHANT, and 'home appliance delivery invoice' should be B-CATEGORY I-CATEGORY I-CATEGORY I-CATEGORY.",HIGH,,,MODIFY,HIGH,"The merchant and category entities are incorrectly bounded, leading to an overly long merchant tag."
v4_178,KEEP,,Intent 'ADD_EXPENSE' is appropriate for logging a rent payment.,KEEP,,Task type 'LOG' is appropriate for recording an expense.,WRONG_TAGS,The entity 'cash' is incorrectly included in CATEGORY. 'cash' describes the payment method and should be tagged as B-PAYMENTMETHOD. The category should be 'apartment monthly rent' (B-CATEGORY I-CATEGORY I-CATEGORY).,MEDIUM,Mixed language (Hindi/English). | Incorrect categorization of 'cash'.,370.29 for apartment monthly rent paid in cash.,MODIFY,HIGH,The entity 'cash' is incorrectly tagged as part of the category instead of a payment method.
v4_179,WRONG,,The utterance describes two distinct categories of expense ('credit outstanding clear' and 'rental yield deposit') with a single amount. This makes the intent ambiguous for a single transaction.,KEEP,,Task type 'LOG' is appropriate for recording an expense.,WRONG_BOUNDARIES,The utterance contains two distinct categories of expense. 'sbi credit outstanding clear' is tagged as a single merchant; 'sbi' should be B-MERCHANT and 'credit outstanding clear' should be B-CATEGORY I-CATEGORY I-CATEGORY.,LOW,"Describes two distinct and unrelated categories of expense with a single amount, making it unsuitable for a single expense entry.",Quick 8.6k spend at SBI for credit outstanding clear. (Separate entry for rental yield deposit),DELETE,CRITICAL,"This row is fundamentally flawed due to attempting to log multiple unrelated categories of expense with a single amount and intent, and contains incorrect entity boundaries."
v4_180,KEEP,,Intent 'ADD_EXPENSE' is appropriate for logging a credit card payment.,KEEP,,Task type 'LOG' is appropriate for recording an expense.,WRONG_TAGS,"The currency 'dollars' is tagged as I-AMOUNT, but it should be B-CURRENCY. The entity 'citi retail credit card ledger pay' is tagged as a single CATEGORY. 'Citi' should be B-MERCHANT, and 'retail credit card ledger pay' should be B-CATEGORY I-CATEGORY I-CATEGORY I-CATEGORY I-CATEGORY. The entity 'today' is not tagged and should be B-DATE.",HIGH,,,MODIFY,CRITICAL,"Multiple entity tagging issues: incorrect currency tag, incorrect merchant/category boundaries, and a missing date tag."
v4_181,KEEP,,Intent 'ADD_EXPENSE' is appropriate for logging a fuel expense.,KEEP,,Task type 'LOG' is appropriate for recording an expense.,PERFECT,No issues found.,HIGH,,,KEEP,NONE,No Issues Found
v4_182,KEEP,,Intent 'ADD_EXPENSE' is appropriate for logging a DTH reload expense.,KEEP,,Task type 'LOG' is appropriate for recording an expense.,PERFECT,No issues found.,HIGH,Mixed language (Hindi/English).,,KEEP,NONE,No Issues Found
v4_183,KEEP,,Intent 'ADD_EXPENSE' is appropriate for logging a payment to Apple Store.,KEEP,,Task type 'LOG' is appropriate for recording an expense.,PERFECT,No issues found.,HIGH,,,KEEP,NONE,No Issues Found
v4_184,KEEP,,Intent 'ADD_EXPENSE' is appropriate for logging an expense on painkillers.,KEEP,,Task type 'LOG' is appropriate for recording an expense.,PERFECT,No issues found.,MEDIUM,Typo: 'budgt' instead of 'budget'.,Add 7533101 to painkillers pharmacy store billing budget.,MODIFY,LOW,The utterance contains a minor typo.
v4_185,KEEP,,Intent 'ADD_EXPENSE' is appropriate for logging an expense at Apollo Pharmacy.,KEEP,,Task type 'LOG' is appropriate for recording an expense.,PERFECT,No issues found.,HIGH,,,KEEP,NONE,No Issues Found
v4_186,KEEP,,Intent 'ADD_EXPENSE' is appropriate for logging a property upkeep expense.,KEEP,,Task type 'LOG' is appropriate for recording an expense.,WRONG_BOUNDARIES,"The currency 'quid' is tagged as I-AMOUNT, but it should be B-CURRENCY. The entity 'bhai property upkeep transaction' is incorrectly tagged. 'bhai' should be O. 'property upkeep' should be B-CATEGORY I-CATEGORY. 'transaction' should be O.",MEDIUM,Informal language ('bhai'). | Incorrect category boundaries.,Put 3457.58 quid under property upkeep transaction.,MODIFY,HIGH,"The currency 'quid' is incorrectly tagged, and the category entity has incorrect boundaries, including irrelevant words."
v4_187,MODIFY,ADD_INCOME,"The phrase 'freelance salary' typically refers to money received (income), which contradicts the 'ADD_EXPENSE' intent. If it's an expense, it should be 'freelance payment' (if paying a freelancer) or 'freelance expenses'.",KEEP,,Task type 'LOG' is appropriate for recording an expense.,WRONG_TAGS,"The entity 'freelance salary' is tagged as B-CATEGORY I-CATEGORY. 'freelance salary' is ambiguous for an expense and sounds like income. It should be re-evaluated as a category (e.g., 'freelance payment' or 'freelance expenses').",LOW,"Ambiguous phrasing: 'freelance salary' suggests income, conflicting with 'ADD_EXPENSE'.",I just blew 1.9k on freelance expenses.,MODIFY,CRITICAL,"The intent and category are highly ambiguous due to the term 'freelance salary', which typically implies income, making the 'ADD_EXPENSE' intent questionable."
v4_188,KEEP,,Intent 'ADD_EXPENSE' is appropriate for logging a pet clinic bill.,KEEP,,Task type 'LOG' is appropriate for recording an expense.,PERFECT,No issues found.,HIGH,,,KEEP,NONE,No Issues Found
v4_189,KEEP,,Intent 'ADD_EXPENSE' is appropriate for logging a transit system reload expense.,KEEP,,Task type 'LOG' is appropriate for recording an expense.,PERFECT,No issues found.,HIGH,,,KEEP,NONE,No Issues Found
v4_190,KEEP,,Intent 'ADD_EXPENSE' is appropriate for logging a parking ticket expense.,KEEP,,Task type 'LOG' is appropriate for recording an expense.,MISSING_ENTITIES,The entity 'yesterday' is not tagged. It should be tagged as B-DATE.,HIGH,,,MODIFY,MEDIUM,The date 'yesterday' is missing its entity tag.
v4_191,KEEP,,Intent 'ADD_EXPENSE' is appropriate for logging a water supply expense.,KEEP,,Task type 'LOG' is appropriate for recording an expense.,WRONG_BOUNDARIES,"The entity 'kmc ward water supply' is tagged as a single MERCHANT. 'kmc ward' should be B-MERCHANT I-MERCHANT, and 'water supply' should be B-CATEGORY I-CATEGORY.",HIGH,,,MODIFY,HIGH,"The merchant and category entities are incorrectly bounded, leading to an overly long merchant tag."
v4_192,KEEP,,Intent 'ADD_EXPENSE' is appropriate for logging a parking payment.,KEEP,,Task type 'LOG' is appropriate for recording an expense.,PERFECT,No issues found.,HIGH,,,KEEP,NONE,No Issues Found
v4_193,KEEP,,Intent 'ADD_EXPENSE' is appropriate for logging a gift expense.,KEEP,,Task type 'LOG' is appropriate for recording an expense.,WRONG_TAGS,"The currency 'rs' is tagged as I-AMOUNT, but it should be B-CURRENCY. Having both 'rs' and 'bucks' as separate currency tags for a single amount is redundant and problematic. It should be one or the other. The entity 'txn' is incorrectly included in CATEGORY. It should be O.",MEDIUM,Redundant currency indicators ('rs bucks'). | Incorrect category boundaries.,Add 8078 rs expenditure for gift deposit.,MODIFY,HIGH,"Multiple entity tagging issues: incorrect currency tag, redundant currency indicators, and incorrect category boundaries."
v4_194,KEEP,,Intent 'ADD_EXPENSE' is appropriate for logging an Amazon Pay transaction.,KEEP,,Task type 'LOG' is appropriate for recording an expense.,WRONG_BOUNDARIES,"The currency '₹' is tagged as I-AMOUNT, but it should be B-CURRENCY. The entity 'amazon pay txn #901c' is tagged as a single MERCHANT. 'Amazon Pay' should be B-MERCHANT I-MERCHANT, and 'txn #901c' is a transaction ID which should be O.",HIGH,,,MODIFY,HIGH,"The currency symbol is incorrectly tagged, and the merchant entity includes a transaction ID that should be excluded."
v4_195,MODIFY,ADD_INCOME,"The phrase 'capital gain credit' typically refers to income or a reduction in expense, which contradicts the 'ADD_EXPENSE' intent. If it's an expense, it should be 'tax on capital gain' or 'fee for capital gain processing'.",KEEP,,Task type 'LOG' is appropriate for recording an expense.,WRONG_TAGS,"The entity 'capital gain credit' is tagged as B-CATEGORY I-CATEGORY I-CATEGORY. 'capital gain credit' is ambiguous for an expense and sounds like income. It should be re-evaluated as a category (e.g., 'tax on capital gain' or 'fee for capital gain processing').",LOW,"Ambiguous phrasing: 'capital gain credit' suggests income, conflicting with 'ADD_EXPENSE'.",Paid 1195 for capital gain tax tomorrow.,MODIFY,CRITICAL,"The intent and category are highly ambiguous due to the term 'capital gain credit', which typically implies income, making the 'ADD_EXPENSE' intent questionable."
v4_196,KEEP,,Intent 'ADD_EXPENSE' is appropriate for logging an expense at Talabat.,KEEP,,Task type 'LOG' is appropriate for recording an expense.,PERFECT,No issues found.,HIGH,,,KEEP,NONE,No Issues Found
v4_197,KEEP,,Intent 'ADD_EXPENSE' is appropriate for logging a parent allowance payment.,KEEP,,Task type 'LOG' is appropriate for recording an expense.,PERFECT,No issues found.,HIGH,,,KEEP,NONE,No Issues Found
v4_198,KEEP,,Intent 'ADD_EXPENSE' is appropriate for logging a sightseeing tour expense.,KEEP,,Task type 'LOG' is appropriate for recording an expense.,MISSING_ENTITIES,The currency 'bucks' is redundant given '£' is part of the amount token. It should be removed or the utterance rephrased. The entity 'a few hours ago' is not tagged and should be B-DATE I-DATE I-DATE I-DATE.,MEDIUM,Redundant currency indicator ('bucks'). | Missing date tag.,£8375 for sightseeing tour bus booking a few hours ago.,MODIFY,HIGH,The utterance contains a redundant currency indicator and is missing a date entity tag.
v4_199,KEEP,,Intent 'ADD_EXPENSE' is appropriate for logging an expense at Marks & Spencer.,KEEP,,Task type 'LOG' is appropriate for recording an expense.,PERFECT,No issues found.,HIGH,,,KEEP,NONE,No Issues Found
v4_200,KEEP,,Intent 'ADD_EXPENSE' is appropriate for logging a subscription cost.,KEEP,,Task type 'LOG' is appropriate for adding an expense.,PERFECT,All entities are correctly identified and tagged with appropriate BIO labels and types.,HIGH,,,KEEP,NONE,No Issues Found
v4_201,KEEP,,Intent 'ADD_EXPENSE' is appropriate for adding an amount to a category.,KEEP,,Task type 'LOG' is appropriate for adding an expense.,PERFECT,All entities are correctly identified and tagged with appropriate BIO labels and types.,HIGH,,,KEEP,NONE,No Issues Found
v4_202,KEEP,,"Intent 'ADD_EXPENSE' is appropriate for logging an expense with amount, category, and date.",KEEP,,Task type 'LOG' is appropriate for adding an expense.,PERFECT,All entities are correctly identified and tagged with appropriate BIO labels and types.,HIGH,,,KEEP,NONE,No Issues Found
v4_203,KEEP,,Intent 'ADD_EXPENSE' is appropriate for logging a bill.,KEEP,,Task type 'LOG' is appropriate for adding an expense.,WRONG_TAGS,"The entity 'staples' is a merchant and should be tagged as B-MERCHANT. 'grocery checkout' could then be a B-CATEGORY, I-CATEGORY. Currently, 'staples grocery checkout' is tagged as a single B-CATEGORY, I-CATEGORY, I-CATEGORY, which is incorrect as 'staples' is a merchant.",HIGH,,,MODIFY,MEDIUM,"Entity 'staples' should be tagged as B-MERCHANT, not part of a B-CATEGORY."
v4_204,KEEP,,Intent 'ADD_EXPENSE' is appropriate for logging spending.,KEEP,,Task type 'LOG' is appropriate for adding an expense.,MISSING_ENTITIES,"The token 'today' is a temporal expression and should be tagged as B-DATE. The entity 'amul milk milk dairy bunk' is problematic; 'Amul' is a merchant, and 'milk milk dairy bunk' is an unnatural and repetitive phrase, likely a typo. It should be 'Amul' (B-MERCHANT) and 'milk dairy bunk' (B-CATEGORY, I-CATEGORY, I-CATEGORY).",LOW,Repetitive phrase 'milk milk' | Unnatural phrasing for merchant/category combination,spent aed4247470 on Amul milk dairy bunk today,MODIFY,HIGH,Missing DATE entity for 'today'. The merchant/category entity 'amul milk milk dairy bunk' contains a typo and incorrect boundaries/types. Utterance quality is low due to repetition.
v4_205,KEEP,,Intent 'ADD_EXPENSE' is appropriate for logging a payment.,KEEP,,Task type 'LOG' is appropriate for adding an expense.,PERFECT,All entities are correctly identified and tagged with appropriate BIO labels and types.,HIGH,,,KEEP,NONE,No Issues Found
v4_206,KEEP,,Intent 'ADD_EXPENSE' is appropriate for adding an amount to a category.,KEEP,,Task type 'LOG' is appropriate for adding an expense.,WRONG_TAGS,"The amount '₹1737' is tagged as B-AMOUNT, but then '£' is tagged as B-CURRENCY. This implies two currency symbols for a single amount, which is illogical. The utterance should specify one currency or the other, or the amount should be split if it refers to two separate transactions.",LOW,Ambiguous currency specification (₹ and £ for a single amount),add ₹1737 to shopping cash back,MODIFY,CRITICAL,"The utterance contains conflicting currency symbols for a single amount, making it illogical and the entity tagging ambiguous."
v4_207,KEEP,,Intent 'ADD_EXPENSE' is appropriate for logging an expense from an account.,KEEP,,Task type 'LOG' is appropriate for adding an expense.,WRONG_BOUNDARIES,"The entity 'mgl png utility invoice' is tagged as a single B-MERCHANT, I-MERCHANT, I-MERCHANT, I-MERCHANT. 'MGL PNG' is the merchant, and 'utility invoice' describes the category of expense. It should be 'MGL PNG' (B-MERCHANT, I-MERCHANT) and 'utility invoice' (B-CATEGORY, I-CATEGORY).",HIGH,,,MODIFY,MEDIUM,"Incorrect entity boundary for merchant and category. 'MGL PNG' should be the merchant, and 'utility invoice' should be the category."
v4_208,KEEP,,Intent 'ADD_EXPENSE' is appropriate for logging an expense.,KEEP,,Task type 'LOG' is appropriate for adding an expense.,PERFECT,All entities are correctly identified and tagged with appropriate BIO labels and types.,HIGH,,,KEEP,NONE,No Issues Found
v4_209,KEEP,,Intent 'ADD_EXPENSE' is appropriate for logging an expense.,KEEP,,Task type 'LOG' is appropriate for adding an expense.,WRONG_BOUNDARIES,"The entity 'utility gas stove gas bills' is tagged as a single B-CATEGORY, I-CATEGORY, I-CATEGORY, I-CATEGORY, I-CATEGORY. The repetition of 'gas' ('gas stove gas') is unnatural and likely a typo. It should be 'utility gas stove bills' or 'utility gas bills' as a category.",MEDIUM,Repetitive word 'gas' in the category description,791650 on utility gas stove bills nxt wk,MODIFY,MEDIUM,Utterance contains a repetitive word 'gas' which affects the quality and the category entity boundary/consistency.
v4_210,KEEP,,Intent 'ADD_EXPENSE' is appropriate for logging spending.,KEEP,,Task type 'LOG' is appropriate for adding an expense.,WRONG_TAGS,"The merchant 'garima bikas capital sip' (a financial institution) is illogical for the category 'food delivery'. This indicates a mismatch between the merchant and the type of expense, making the utterance nonsensical.",LOW,Illogical combination of merchant and category,i spent 4045950.84 £ on food delivery at Zomato 20/01/2026,MODIFY,HIGH,"The utterance is illogical due to a conflicting merchant and category, which could lead to incorrect model learning."
v4_211,KEEP,,Intent 'ADD_EXPENSE' is appropriate for logging a purchase.,KEEP,,Task type 'LOG' is appropriate for adding an expense.,PERFECT,All entities are correctly identified and tagged with appropriate BIO labels and types.,HIGH,,,KEEP,NONE,No Issues Found
v4_212,KEEP,,Intent 'ADD_EXPENSE' is appropriate for logging a payment.,KEEP,,Task type 'LOG' is appropriate for adding an expense.,PERFECT,All entities are correctly identified and tagged with appropriate BIO labels and types.,MEDIUM,Contains filler phrase 'check karo',paid haldirams sweets restaurant 1068 for hourly office visitor parking,MODIFY,LOW,Utterance contains filler phrase 'check karo'.
v4_213,KEEP,,Intent 'ADD_EXPENSE' is appropriate for logging spending.,KEEP,,Task type 'LOG' is appropriate for adding an expense.,WRONG_BOUNDARIES,"The entity 'mgl png utility invoice' is tagged as a single B-MERCHANT, I-MERCHANT, I-MERCHANT, I-MERCHANT. 'MGL PNG' is the merchant, and 'utility invoice' describes the category of expense. It should be 'MGL PNG' (B-MERCHANT, I-MERCHANT) and 'utility invoice' (B-CATEGORY, I-CATEGORY).",HIGH,,,MODIFY,MEDIUM,"Incorrect entity boundary for merchant and category. 'MGL PNG' should be the merchant, and 'utility invoice' should be the category."
v4_214,KEEP,,Intent 'ADD_EXPENSE' is appropriate for logging a purchase.,KEEP,,Task type 'LOG' is appropriate for adding an expense.,WRONG_TAGS,"The utterance implies two merchants ('Zara' and 'Fabindia') for a single expense, which is illogical. 'Zara' is a merchant and should be tagged as B-MERCHANT, not part of a B-CATEGORY. The category 'shopping center clothing' should be separate. This makes the entire expense description confusing and potentially contradictory.",LOW,Illogical combination of multiple merchants for a single expense | Confusing phrasing,2733 kharida Fabindia se clothing par 23-11-2026,MODIFY,CRITICAL,"The utterance is illogical, implying two merchants for one expense, and 'Zara' is incorrectly tagged as part of a category instead of a merchant."
v4_215,KEEP,,Intent 'ADD_EXPENSE' is appropriate for logging a payment.,KEEP,,Task type 'LOG' is appropriate for adding an expense.,WRONG_BOUNDARIES,"The entity 'zomato food order deliv' is tagged as a single B-MERCHANT, I-MERCHANT, I-MERCHANT, I-MERCHANT. 'Zomato' is the merchant, and 'food order deliv' describes the category of expense. It should be 'Zomato' (B-MERCHANT) and 'food order deliv' (B-CATEGORY, I-CATEGORY, I-CATEGORY).",MEDIUM,Contains filler word 'batao',forked out 6180.74 aed for birthday cash gift at Zomato food order deliv,MODIFY,MEDIUM,"Utterance contains filler word 'batao'. Incorrect entity boundary for merchant and category. 'Zomato' should be the merchant, and 'food order deliv' should be the category."
v4_216,KEEP,,Intent 'ADD_EXPENSE' is appropriate for logging a payment.,KEEP,,Task type 'LOG' is appropriate for adding an expense.,WRONG_TAGS,"The merchant 'spotify premium' (a music streaming service) is illogical for the category 'organic store purchase'. This indicates a mismatch between the merchant and the type of expense, making the utterance nonsensical.",LOW,Illogical combination of merchant and category,just paid 3799770 £ to Spotify Premium for music subscription,MODIFY,HIGH,"The utterance is illogical due to a conflicting merchant and category, which could lead to incorrect model learning."
v4_217,KEEP,,Intent 'ADD_EXPENSE' is appropriate for logging spending.,KEEP,,Task type 'LOG' is appropriate for adding an expense.,WRONG_TAGS,"The merchant 'worldlink broadband' (an internet service provider) is illogical for the category 'restaurant dinner table bill'. This indicates a mismatch between the merchant and the type of expense, making the utterance nonsensical.",LOW,Illogical combination of merchant and category,spent 3772.06 bucks at Worldlink Broadband for internet bill 2024-02-17,MODIFY,HIGH,"The utterance is illogical due to a conflicting merchant and category, which could lead to incorrect model learning."
v4_218,KEEP,,Intent 'ADD_EXPENSE' is appropriate for logging spending.,KEEP,,Task type 'LOG' is appropriate for adding an expense.,WRONG_BOUNDARIES,"The entity 'pret a manger organic baguette' is tagged as a single B-MERCHANT, I-MERCHANT, I-MERCHANT, I-MERCHANT, I-MERCHANT. 'Pret A Manger' is the merchant, and 'organic baguette' describes a product or sub-category. It should be 'Pret A Manger' (B-MERCHANT, I-MERCHANT, I-MERCHANT) and 'organic baguette' (B-CATEGORY, I-CATEGORY). Additionally, the merchant (food chain) is illogical for the category 'gold redemption interest'.",LOW,Illogical combination of merchant and category | Overly long merchant entity,4208920 kharch hua gold redemption interest ke liye yday,MODIFY,HIGH,The utterance is illogical due to a conflicting merchant and category. The merchant entity boundary is also incorrect.
v4_219,KEEP,,Intent 'ADD_EXPENSE' is appropriate for logging spending.,KEEP,,Task type 'LOG' is appropriate for adding an expense.,PERFECT,All entities are correctly identified and tagged with appropriate BIO labels and types.,HIGH,,,KEEP,NONE,No Issues Found
v4_220,KEEP,,Intent 'ADD_EXPENSE' is appropriate for logging an expense.,KEEP,,Task type 'LOG' is appropriate for adding an expense.,MISSING_ENTITIES,The token 'uber' is a merchant and should be tagged as B-MERCHANT. It is currently untagged.,HIGH,,,MODIFY,MEDIUM,Missing entity for 'uber' (should be B-MERCHANT).
v4_221,KEEP,,Intent 'ADD_EXPENSE' is appropriate for logging an expense.,KEEP,,Task type 'LOG' is appropriate for adding an expense.,PERFECT,All entities are correctly identified and tagged with appropriate BIO labels and types.,HIGH,,,KEEP,NONE,No Issues Found
v4_222,KEEP,,Intent 'ADD_EXPENSE' is appropriate for logging an expense.,KEEP,,Task type 'LOG' is appropriate for adding an expense.,PERFECT,All entities are correctly identified and tagged with appropriate BIO labels and types.,HIGH,,,KEEP,NONE,No Issues Found
v4_223,KEEP,,Intent 'ADD_EXPENSE' is appropriate for logging spending.,KEEP,,Task type 'LOG' is appropriate for adding an expense.,PERFECT,All entities are correctly identified and tagged with appropriate BIO labels and types.,HIGH,,,KEEP,NONE,No Issues Found
v4_224,KEEP,,Intent 'ADD_EXPENSE' is appropriate for logging an expense.,KEEP,,Task type 'LOG' is appropriate for adding an expense.,WRONG_BOUNDARIES,"The entity 'street side parking parking meter' is tagged as a single B-CATEGORY, I-CATEGORY, I-CATEGORY, I-CATEGORY, I-CATEGORY. The repetition of 'parking' ('parking parking meter') is unnatural and likely a typo. It should be 'street side parking meter' as a category.",MEDIUM,Repetitive word 'parking' in the category description,street side parking meter run 262 last wednesday,MODIFY,MEDIUM,Utterance contains a repetitive word 'parking' which affects the quality and the category entity boundary/consistency.
v4_225,KEEP,,Intent 'ADD_EXPENSE' is appropriate for logging an expense.,KEEP,,Task type 'LOG' is appropriate for adding an expense.,MISSING_ENTITIES,The token 'swiggy' is a merchant and should be tagged as B-MERCHANT. It is currently untagged.,HIGH,,,MODIFY,MEDIUM,Missing entity for 'swiggy' (should be B-MERCHANT).
v4_226,KEEP,,Intent 'ADD_EXPENSE' is appropriate for logging an expense.,KEEP,,Task type 'LOG' is appropriate for adding an expense.,PERFECT,All entities are correctly identified and tagged with appropriate BIO labels and types.,HIGH,,,KEEP,NONE,No Issues Found
v4_227,KEEP,,Intent 'ADD_EXPENSE' is appropriate for logging a payment.,KEEP,,Task type 'LOG' is appropriate for adding an expense.,PERFECT,All entities are correctly identified and tagged with appropriate BIO labels and types.,HIGH,,,KEEP,NONE,No Issues Found
v4_228,KEEP,,Intent 'ADD_EXPENSE' is appropriate for logging an expense.,KEEP,,Task type 'LOG' is appropriate for adding an expense.,WRONG_BOUNDARIES,"The entity 'comcast xfinity high speed broadband wifi' is tagged as a single B-MERCHANT, I-MERCHANT, I-MERCHANT, I-MERCHANT, I-MERCHANT, I-MERCHANT. 'Comcast Xfinity' is the merchant, and 'high speed broadband wifi' describes the category of service. It should be 'Comcast Xfinity' (B-MERCHANT, I-MERCHANT) and 'high speed broadband wifi' (B-CATEGORY, I-CATEGORY, I-CATEGORY, I-CATEGORY).",HIGH,,,MODIFY,MEDIUM,"Incorrect entity boundary for merchant and category. 'Comcast Xfinity' should be the merchant, and 'high speed broadband wifi' should be the category."
v4_229,KEEP,,Intent 'ADD_EXPENSE' is appropriate for logging spending.,KEEP,,Task type 'LOG' is appropriate for adding an expense.,WRONG_TAGS,"The entity 'chasemanhattan' is a financial institution (merchant) and should be tagged as B-MERCHANT, not part of a B-CATEGORY. 'outstanding balance clear card' could then be a B-CATEGORY, I-CATEGORY, I-CATEGORY, I-CATEGORY.",MEDIUM,"Contains filler words 'like', 'idk why'",spent 8198 on Chasemanhattan outstanding balance clear card,MODIFY,HIGH,"Utterance contains filler words. Entity 'chasemanhattan' should be tagged as B-MERCHANT, not part of a B-CATEGORY."
v4_230,KEEP,,Intent 'ADD_EXPENSE' is appropriate for logging an expense.,KEEP,,Task type 'LOG' is appropriate for adding an expense.,WRONG_BOUNDARIES,"The entity 'mmt flight booking' is tagged as a single B-MERCHANT, I-MERCHANT, I-MERCHANT. 'MMT' (MakeMyTrip) is the merchant, and 'flight booking' describes the category of expense. It should be 'MMT' (B-MERCHANT) and 'flight booking' (B-CATEGORY, I-CATEGORY).",HIGH,,,MODIFY,MEDIUM,"Incorrect entity boundary for merchant and category. 'MMT' should be the merchant, and 'flight booking' should be the category."
v4_231,KEEP,,Intent 'ADD_EXPENSE' is appropriate for logging an expense.,KEEP,,Task type 'LOG' is appropriate for adding an expense.,MISSING_ENTITIES,The token 'petrol' is a category of expense and should be tagged as B-CATEGORY. It is currently untagged.,HIGH,,,MODIFY,MEDIUM,Missing entity for 'petrol' (should be B-CATEGORY).
v4_232,KEEP,,Intent 'ADD_EXPENSE' is appropriate for logging an expense.,KEEP,,Task type 'LOG' is appropriate for adding an expense.,MISSING_ENTITIES,"The phrase 'coffee run' is a category of expense and should be tagged as B-CATEGORY, I-CATEGORY. It is currently untagged. The entity 'mbl visa cc outstanding statements clear' is tagged as a single B-MERCHANT, I-MERCHANT, I-MERCHANT, I-MERCHANT, I-MERCHANT, I-MERCHANT. 'MBL Visa CC' is the merchant, and 'outstanding statements clear' describes the category of expense. It should be 'MBL Visa CC' (B-MERCHANT, I-MERCHANT, I-MERCHANT) and 'outstanding statements clear' (B-CATEGORY, I-CATEGORY, I-CATEGORY).",MEDIUM,Contains filler phrase 'check karo',coffee run 976 at MBL Visa CC outstanding statements clear,MODIFY,HIGH,Missing entity for 'coffee run'. Utterance contains filler phrase 'check karo'. Incorrect entity boundary for merchant and category for 'mbl visa cc outstanding statements clear'.
v4_233,KEEP,,Intent 'ADD_EXPENSE' is appropriate for logging an expense.,KEEP,,Task type 'LOG' is appropriate for adding an expense.,PERFECT,All entities are correctly identified and tagged with appropriate BIO labels and types.,HIGH,,,KEEP,NONE,No Issues Found
v4_234,KEEP,,Intent 'ADD_EXPENSE' is appropriate for logging spending.,KEEP,,Task type 'LOG' is appropriate for adding an expense.,PERFECT,All entities are correctly identified and tagged with appropriate BIO labels and types.,HIGH,,,KEEP,NONE,No Issues Found
v4_235,KEEP,,Intent 'ADD_EXPENSE' is appropriate for logging a payment.,KEEP,,Task type 'LOG' is appropriate for adding an expense.,MISSING_ENTITIES,The token 'rent' is a category of expense and should be tagged as B-CATEGORY. It is currently untagged.,HIGH,,,MODIFY,MEDIUM,Missing entity for 'rent' (should be B-CATEGORY).
v4_236,KEEP,,Intent 'ADD_EXPENSE' is appropriate for logging spending.,KEEP,,Task type 'LOG' is appropriate for adding an expense.,PERFECT,All entities are correctly identified and tagged with appropriate BIO labels and types.,HIGH,,,KEEP,NONE,No Issues Found
v4_237,KEEP,,Intent 'ADD_EXPENSE' is appropriate for logging a payment.,KEEP,,Task type 'LOG' is appropriate for adding an expense.,PERFECT,All entities are correctly identified and tagged with appropriate BIO labels and types.,HIGH,,,KEEP,NONE,No Issues Found
v4_238,KEEP,,Intent 'ADD_EXPENSE' is appropriate for logging an expense.,KEEP,,Task type 'LOG' is appropriate for adding an expense.,PERFECT,All entities are correctly identified and tagged with appropriate BIO labels and types.,HIGH,,,KEEP,NONE,No Issues Found
v4_239,KEEP,,Intent 'ADD_EXPENSE' is appropriate for logging spending.,KEEP,,Task type 'LOG' is appropriate for adding an expense.,WRONG_TAGS,"The merchant 'apple store online' (an electronics retailer) is illogical for the category 'indigo airlines flight ticket'. This indicates a mismatch between the merchant and the type of expense, making the utterance nonsensical.",LOW,Illogical combination of merchant and category,quick 8064 spend at Indigo Airlines for flight ticket,MODIFY,HIGH,"The utterance is illogical due to a conflicting merchant and category, which could lead to incorrect model learning."
v4_240,KEEP,,Intent 'ADD_EXPENSE' is appropriate for logging spending.,KEEP,,Task type 'LOG' is appropriate for adding an expense.,MISSING_ENTITIES,"The token 'today' is a temporal expression and should be tagged as B-DATE. It is currently untagged. The entity 'ubereats dinner meal' is tagged as a single B-CATEGORY, I-CATEGORY, I-CATEGORY. 'UberEats' is the merchant, and 'dinner meal' describes the category of expense. It should be 'UberEats' (B-MERCHANT) and 'dinner meal' (B-CATEGORY, I-CATEGORY).",HIGH,,,MODIFY,HIGH,"Missing DATE entity for 'today'. Incorrect entity boundary for merchant and category. 'UberEats' should be the merchant, and 'dinner meal' should be the category."
v4_241,KEEP,,Intent 'ADD_EXPENSE' is appropriate for logging a bill.,KEEP,,Task type 'LOG' is appropriate for adding an expense.,WRONG_BOUNDARIES,"The entity 'spectrum fiber net broadband routers bill' is tagged as a single B-MERCHANT, I-MERCHANT, I-MERCHANT, I-MERCHANT, I-MERCHANT, I-MERCHANT. 'Spectrum' is the merchant, and 'fiber net broadband routers bill' describes the category of service. It should be 'Spectrum' (B-MERCHANT) and 'fiber net broadband routers bill' (B-CATEGORY, I-CATEGORY, I-CATEGORY, I-CATEGORY, I-CATEGORY).",HIGH,,,MODIFY,MEDIUM,"Incorrect entity boundary for merchant and category. 'Spectrum' should be the merchant, and 'fiber net broadband routers bill' should be the category."
v4_242,KEEP,,Intent 'ADD_EXPENSE' is appropriate for logging an expense.,KEEP,,Task type 'LOG' is appropriate for adding an expense.,PERFECT,All entities are correctly identified and tagged with appropriate BIO labels and types.,HIGH,,,KEEP,NONE,No Issues Found
v4_243,KEEP,,Intent 'ADD_EXPENSE' is appropriate for logging a payment.,KEEP,,Task type 'LOG' is appropriate for adding an expense.,WRONG_BOUNDARIES,"The entity 'adib sip investment installment' is tagged as a single B-MERCHANT, I-MERCHANT, I-MERCHANT, I-MERCHANT. 'ADIB' is the merchant, and 'SIP investment installment' describes the category of expense. It should be 'ADIB' (B-MERCHANT) and 'sip investment installment' (B-CATEGORY, I-CATEGORY, I-CATEGORY).",HIGH,,,MODIFY,MEDIUM,"Incorrect entity boundary for merchant and category. 'ADIB' should be the merchant, and 'sip investment installment' should be the category."
v4_244,KEEP,,Intent 'ADD_EXPENSE' is appropriate for adding an amount to a budget.,KEEP,,Task type 'LOG' is appropriate for adding an expense.,PERFECT,All entities are correctly identified and tagged with appropriate BIO labels and types.,HIGH,,,KEEP,NONE,No Issues Found
v4_245,KEEP,,Intent 'ADD_EXPENSE' is appropriate for logging spending.,KEEP,,Task type 'LOG' is appropriate for adding an expense.,WRONG_BOUNDARIES,"The entity 'apollo chemist drugs store' is tagged as a single B-MERCHANT, I-MERCHANT, I-MERCHANT, I-MERCHANT. 'Apollo Chemist' is the merchant, and 'drugs store' describes the type of merchant or a category. It should be 'Apollo Chemist' (B-MERCHANT, I-MERCHANT) and 'drugs store' (B-CATEGORY, I-CATEGORY).",HIGH,,,MODIFY,MEDIUM,"Incorrect entity boundary for merchant and category. 'Apollo Chemist' should be the merchant, and 'drugs store' should be the category."
v4_246,KEEP,,Intent 'ADD_EXPENSE' is appropriate for logging an expense.,KEEP,,Task type 'LOG' is appropriate for adding an expense.,PERFECT,All entities are correctly identified and tagged with appropriate BIO labels and types.,HIGH,,,KEEP,NONE,No Issues Found
v4_247,KEEP,,Intent 'ADD_EXPENSE' is appropriate for logging spending.,KEEP,,Task type 'LOG' is appropriate for adding an expense.,PERFECT,All entities are correctly identified and tagged with appropriate BIO labels and types.,HIGH,,,KEEP,NONE,No Issues Found
v4_248,KEEP,,Intent 'ADD_EXPENSE' is appropriate for logging a bill payment.,KEEP,,Task type 'LOG' is appropriate for adding an expense.,WRONG_BOUNDARIES,"The entity 'sbi credit card card dues cleared' is tagged as a single B-CATEGORY, I-CATEGORY, I-CATEGORY, I-CATEGORY, I-CATEGORY, I-CATEGORY. 'SBI' is a merchant and should be tagged as B-MERCHANT. 'credit card dues cleared' should be the category. The repetition of 'card' ('card card dues') is also a typo.",LOW,Repetitive word 'card' | Incorrect phrasing for merchant/category combination,sbi credit card dues cleared bill was 4585 aed,MODIFY,HIGH,"Utterance contains a repetitive word 'card'. Entity 'SBI' should be tagged as B-MERCHANT, not part of a B-CATEGORY, and the category boundary is incorrect."
v4_249,KEEP,,Intent 'ADD_EXPENSE' is appropriate for logging an expense.,KEEP,,Task type 'LOG' is appropriate for adding an expense.,PERFECT,All entities are correctly identified and tagged with appropriate BIO labels and types.,HIGH,,,KEEP,NONE,No Issues Found
